Produk;Kategori;Harga;Nama Orang;Rating;Keluhan Masuk;Status Keluhan;Waktu Respons;Tanggal Penjualan;Jumlah Produk;Harga Satuan;Total Harga;Cabang
Pond's;Beauty & Wellbeing;155000;Alexa;1;0;0;6;27/01/2020;3;38000;114000;Padang
Glow & Lovely;Beauty & Wellbeing;74500;Richard;4;0;0;9;08/11/2019;1;34500;34500;Padang
Zwitsal;Beauty & Wellbeing;59500;Robert;4;1;1;9;13/10/2021;5;51500;257500;Padang
Pond's Men;Beauty & Wellbeing;58000;Julia;3;1;0;8;15/11/2019;9;55000;495000;Padang
Molto;Home Care;94000;Melissa;2;0;0;6;01/02/2022;4;41000;164000;Padang
Rinso;Home Care;186000;Walter;3;0;0;8;26/12/2017;5;25000;125000;Padang
Pond's Men;Beauty & Wellbeing;178500;Lucas;1;1;0;7;03/03/2018;7;56000;392000;Padang
Lipton;Nutrition;128000;Hannah;1;1;0;5;19/03/2017;5;56000;280000;Padang
Close Up;Personal Care;191500;Charles;4;0;1;8;06/03/2020;8;54500;436000;Padang
Jawara;Nutrition;72000;Jonathan;1;0;0;8;24/10/2021;6;39500;237000;Padang
Pond's;Beauty & Wellbeing;121000;Michael;5;0;1;8;05/01/2017;2;37500;75000;Padang
Lipton;Nutrition;114000;Christopher;3;0;1;9;08/10/2019;8;31000;248000;Padang
Sunlight;Home Care;96500;Dylan;5;1;1;10;05/07/2022;2;23000;46000;Padang
Superpell;Home Care;150500;Brandon;4;1;1;7;13/08/2017;7;57500;402500;Padang
Wipol;Home Care;138500;Jorge;4;0;0;10;28/09/2022;4;42500;170000;Padang
Wipol;Home Care;158000;Ashley;4;0;1;6;09/10/2019;1;30500;30500;Padang
Paddle Pop;Ice Cream;199500;Matthew;3;1;1;8;13/07/2018;6;50500;303000;Padang
Wall's;Ice Cream;189500;John;1;0;0;8;02/04/2019;1;44500;44500;Padang
Simple;Beauty & Wellbeing;113000;Charles;2;0;1;10;04/12/2019;8;24500;196000;Padang
The Vegetarian Butcher;Nutrition;94500;Jeffrey;4;1;1;7;08/06/2019;10;51000;510000;Padang
St.Ives;Personal Care;100000;Robert;5;1;0;9;30/08/2021;4;53500;214000;Padang
Magnum;Ice Cream;148500;Edward;1;0;1;8;21/05/2022;7;30000;210000;Padang
Royco;Nutrition;70000;Erik;5;0;0;7;16/06/2020;1;41500;41500;Padang
Knorr;Nutrition;166000;Michelle;1;0;0;9;30/05/2017;6;55000;330000;Padang
Simple;Beauty & Wellbeing;138500;Steven;3;1;0;6;25/03/2021;9;33500;301500;Padang
Simple;Beauty & Wellbeing;140000;Joshua;3;0;0;7;20/02/2018;5;28000;140000;Padang
Cif;Home Care;102000;Judy;5;1;1;9;01/04/2017;2;42000;84000;Padang
Sunsilk;Beauty & Wellbeing;107500;Katherine;5;0;1;6;04/10/2020;4;30000;120000;Padang
Vixal;Home Care;186500;Vanessa;1;0;0;9;05/08/2018;3;37500;112500;Padang
Lifebuoy;Personal Care;183000;Kimberly;1;1;0;6;14/11/2022;2;31000;62000;Padang
Populaire;Ice Cream;175500;Jaclyn;1;0;1;8;31/08/2020;10;25500;255000;Padang
Unilever Proffesional;Beauty & Wellbeing;76500;Thomas;4;0;1;7;09/09/2020;3;47000;141000;Padang
Populaire;Ice Cream;187000;Deborah;3;1;1;10;21/05/2022;4;45000;180000;Padang
Cif;Home Care;141500;Megan;2;0;0;8;06/01/2017;6;51000;306000;Padang
Lipton;Nutrition;185500;Wayne;2;0;1;9;21/11/2021;1;56000;56000;Padang
Populaire;Ice Cream;138500;April;1;0;1;8;24/06/2018;8;57000;456000;Padang
Lifebuoy;Personal Care;61500;Crystal;2;1;0;7;04/09/2022;10;38000;380000;Padang
Clear;Beauty & Wellbeing;103500;Cody;4;0;0;6;04/03/2020;9;43000;387000;Padang
Rexona;Personal Care;154000;Crystal;4;1;0;7;26/07/2018;10;21000;210000;Padang
Close Up;Personal Care;146000;Debra;3;1;0;8;04/06/2020;5;37000;185000;Padang
Unilever Proffesional;Beauty & Wellbeing;156000;John;3;1;0;9;12/04/2019;7;35500;248500;Padang
Dove;Personal Care;123000;Karen;1;0;0;10;07/11/2022;1;44000;44000;Padang
Seru;Ice Cream;145500;Robert;3;0;1;5;27/10/2020;8;36500;292000;Padang
Royco;Nutrition;152000;Jason;4;1;1;7;10/02/2018;4;42500;170000;Padang
Molto;Home Care;183500;Julie;5;0;0;6;24/10/2017;8;53000;424000;Padang
Pond's Men;Beauty & Wellbeing;189000;Lindsey;2;0;0;6;20/06/2019;5;60000;300000;Padang
Rexona;Personal Care;144500;Angela;2;0;0;9;25/04/2020;3;32500;97500;Padang
Close Up;Personal Care;75000;Rachel;4;0;0;6;08/11/2018;3;53500;160500;Padang
Lifebuoy;Personal Care;172500;Paul;2;1;0;6;20/02/2020;8;52500;420000;Padang
Rexona;Personal Care;168000;Meghan;2;0;1;10;24/06/2022;10;25500;255000;Padang
Vixal;Home Care;85000;David;4;1;1;10;14/11/2021;3;47500;142500;Padang
Magnum;Ice Cream;85500;Susan;1;1;0;9;23/04/2021;8;53000;424000;Padang
Sunlight;Home Care;130500;Katie;5;1;0;9;01/09/2017;5;37000;185000;Padang
Wall's;Ice Cream;147500;Hannah;1;0;1;7;01/01/2022;1;22500;22500;Padang
Clear Men;Beauty & Wellbeing;186500;Antonio;5;1;1;9;07/02/2017;10;32000;320000;Padang
Clear;Beauty & Wellbeing;88500;Bradley;2;0;1;8;18/01/2021;5;25000;125000;Padang
Bango;Nutrition;127000;Brandi;5;0;1;8;18/04/2018;5;55500;277500;Padang
TRESemme;Beauty & Wellbeing;197500;Debra;4;1;0;8;23/11/2018;8;44500;356000;Padang
Rexona;Personal Care;93000;Angelica;2;1;1;8;29/05/2019;3;21000;63000;Padang
Clear Men;Beauty & Wellbeing;175000;Cynthia;2;1;0;9;17/08/2021;3;29000;87000;Padang
Pond's;Beauty & Wellbeing;93500;Jeremy;2;0;0;5;28/05/2022;1;54000;54000;Padang
Royco;Nutrition;104500;Jason;4;0;1;8;08/02/2017;10;23500;235000;Padang
Sunlight;Home Care;150000;John;5;1;1;7;14/12/2022;3;23500;70500;Padang
Lifebuoy;Personal Care;171000;Linda;4;1;0;8;24/07/2018;1;58000;58000;Padang
Simple;Beauty & Wellbeing;117500;Samuel;2;1;0;10;15/07/2017;5;48000;240000;Jakarta
Glow & Lovely;Beauty & Wellbeing;120000;Barbara;2;0;1;8;08/07/2022;2;38500;77000;Jakarta
TRESemme;Beauty & Wellbeing;185500;Angel;1;1;0;9;28/08/2020;6;24000;144000;Jakarta
Lifebuoy;Personal Care;115500;Kimberly;2;0;0;6;28/07/2020;2;35500;71000;Jakarta
Jawara;Nutrition;159000;Valerie;3;1;1;7;17/03/2021;7;27500;192500;Jakarta
Pepsodent;Beauty & Wellbeing;96500;Emily;1;1;1;5;21/02/2018;5;40000;200000;Jakarta
St.Ives;Personal Care;158500;Elizabeth;3;0;1;6;28/12/2019;5;54000;270000;Jakarta
TRESemme;Beauty & Wellbeing;77500;Monica;1;1;0;5;24/12/2019;7;36500;255500;Jakarta
Pond's Men;Beauty & Wellbeing;112000;Kevin;2;1;1;9;09/08/2017;6;48500;291000;Jakarta
Dove;Personal Care;109000;Hannah;4;1;1;8;23/12/2019;1;35000;35000;Jakarta
Hellmann's;Nutrition;135500;Stacey;2;1;1;10;19/03/2020;3;27000;81000;Jakarta
SariWangi;Nutrition;177500;Brian;3;0;1;10;01/06/2018;10;31000;310000;Jakarta
Clear;Beauty & Wellbeing;191000;Nicholas;1;1;1;10;15/12/2019;4;25500;102000;Jakarta
Seru;Ice Cream;183500;Manuel;4;1;1;9;22/08/2021;4;34000;136000;Jakarta
St.Ives;Personal Care;119000;Kyle;3;0;0;7;11/10/2019;10;20500;205000;Jakarta
Love Beauty & Planet;Beauty & Wellbeing;130500;Sean;5;1;0;10;21/06/2020;5;40000;200000;Jakarta
Feast;Ice Cream;193000;Kelly;3;0;1;6;08/06/2020;8;51000;408000;Jakarta
Pond's;Beauty & Wellbeing;154500;Dawn;3;1;0;9;24/08/2022;3;38500;115500;Jakarta
Vixal;Home Care;131500;Michael;4;1;0;6;29/05/2021;3;32500;97500;Jakarta
St.Ives;Personal Care;194500;Jason;4;1;1;5;23/06/2019;1;33500;33500;Jakarta
Dove;Personal Care;92000;Claudia;3;0;0;8;24/03/2022;5;55500;277500;Jakarta
Zwitsal;Beauty & Wellbeing;138500;Richard;3;1;1;9;25/12/2018;10;52500;525000;Jakarta
Clear Men;Beauty & Wellbeing;138000;John;3;0;1;9;05/12/2020;6;38000;228000;Jakarta
Viennetta;Ice Cream;182500;Jeremy;3;1;0;10;10/02/2018;10;51500;515000;Jakarta
Vaseline Men;Beauty & Wellbeing;51000;Deborah;5;0;0;7;03/06/2019;5;35500;177500;Jakarta
LUX;Personal Care;92000;Karen;3;1;1;6;02/11/2020;6;41500;249000;Jakarta
Pepsodent;Beauty & Wellbeing;51000;Lucas;4;0;0;8;26/02/2021;1;40000;40000;Jakarta
Buavita;Nutrition;115500;Dennis;5;1;0;7;09/05/2019;5;25000;125000;Jakarta
Simple;Beauty & Wellbeing;57500;Adriana;3;1;0;10;04/01/2018;8;54000;432000;Jakarta
Rexona;Personal Care;67000;William;2;0;0;9;24/02/2019;8;58000;464000;Jakarta
Rinso;Home Care;168000;Jay;3;1;0;6;13/10/2019;10;26000;260000;Jakarta
Buavita;Nutrition;184500;Aaron;5;0;0;7;03/10/2022;1;21000;21000;Jakarta
Sunlight;Home Care;122000;Caitlin;1;0;0;8;23/05/2018;1;41000;41000;Jakarta
Cif;Home Care;171000;Richard;5;0;0;6;26/06/2017;5;21000;105000;Jakarta
Populaire;Ice Cream;95500;Gary;4;1;0;7;29/07/2019;10;44500;445000;Jakarta
Knorr;Nutrition;78000;Stephen;5;1;1;6;28/02/2019;3;52500;157500;Jakarta
Sunsilk;Beauty & Wellbeing;92500;Karen;5;0;0;6;14/02/2022;8;49500;396000;Jakarta
Axe;Personal Care;57000;Beth;5;0;0;5;09/02/2021;7;20500;143500;Jakarta
Close Up;Personal Care;120000;Nicholas;1;0;1;10;06/02/2017;1;55500;55500;Jakarta
Superpell;Home Care;103500;Kyle;1;0;0;5;11/05/2017;6;40000;240000;Jakarta
Love Beauty & Planet;Beauty & Wellbeing;94500;Kimberly;3;0;1;10;20/03/2018;1;56500;56500;Jakarta
Viennetta;Ice Cream;59000;Michael;1;1;0;6;31/05/2018;1;59000;59000;Jakarta
Jawara;Nutrition;140500;Fernando;5;0;0;10;14/09/2019;7;43500;304500;Jakarta
Vixal;Home Care;55500;Kevin;3;0;1;8;06/08/2020;2;20500;41000;Jakarta
Rexona;Personal Care;183000;Dana;5;1;1;9;04/10/2021;9;55500;499500;Jakarta
Rinso;Home Care;109500;Troy;3;0;1;6;10/02/2018;6;45500;273000;Jakarta
Buavita;Nutrition;184000;Teresa;5;1;0;9;19/12/2018;8;39000;312000;Jakarta
Wall's;Ice Cream;67000;Janet;3;1;0;5;14/05/2020;9;55500;499500;Jakarta
Clear;Beauty & Wellbeing;117500;Kathryn;5;1;0;6;22/02/2020;3;43500;130500;Jakarta
LUX;Personal Care;199500;Elizabeth;3;0;0;8;06/06/2018;8;59500;476000;Jakarta
Love Beauty & Planet;Beauty & Wellbeing;104000;Miguel;3;1;1;5;24/04/2020;1;55500;55500;Jakarta
Viennetta;Ice Cream;56000;Alvin;5;1;0;9;21/05/2017;2;51500;103000;Jakarta
Populaire;Ice Cream;81000;Valerie;2;0;0;5;07/01/2021;1;50000;50000;Jakarta
SariWangi;Nutrition;94500;Michael;5;0;0;8;02/07/2017;1;28500;28500;Jakarta
Rinso;Home Care;131500;Kyle;4;0;0;5;09/03/2018;6;58500;351000;Balikpapan
Magnum;Ice Cream;60500;Brandon;2;1;0;5;23/05/2017;8;35000;280000;Balikpapan
Bango;Nutrition;124000;Eric;4;0;0;7;16/10/2018;10;35500;355000;Balikpapan
Feast;Ice Cream;96500;Jeffrey;2;0;0;10;10/03/2020;3;25500;76500;Balikpapan
Pond's Men;Beauty & Wellbeing;67000;Joseph;3;1;1;8;07/06/2018;1;58500;58500;Balikpapan
Feast;Ice Cream;191000;Sarah;1;0;0;9;31/05/2019;4;27500;110000;Balikpapan
Lifebuoy;Personal Care;186000;Stefanie;2;0;1;9;23/11/2021;8;28500;228000;Balikpapan
Pepsodent;Beauty & Wellbeing;134000;Jennifer;1;0;1;10;18/07/2022;1;25500;25500;Balikpapan
Hellmann's;Nutrition;143000;Kevin;3;1;1;6;23/09/2022;8;47000;376000;Balikpapan
Unilever Proffesional;Beauty & Wellbeing;88000;Heather;5;0;0;10;20/11/2019;7;20500;143500;Balikpapan
Cif;Home Care;62000;Chad;3;0;1;6;11/10/2020;5;43000;215000;Balikpapan
Sunlight;Home Care;121000;Patricia;2;0;1;8;13/12/2017;9;24000;216000;Balikpapan
St.Ives;Personal Care;91000;Scott;3;1;1;6;14/09/2018;6;56500;339000;Balikpapan
Dove;Beauty & Wellbeing;114000;Leslie;5;0;1;9;25/08/2017;1;33500;33500;Balikpapan
Glow & Lovely;Beauty & Wellbeing;192500;Scott;1;0;1;7;17/11/2021;7;59500;416500;Balikpapan
Glow & Lovely;Beauty & Wellbeing;149000;Kimberly;1;0;0;10;02/12/2022;8;58500;468000;Balikpapan
Citra;Beauty & Wellbeing;168500;Stephen;3;0;0;6;07/12/2020;8;35500;284000;Balikpapan
Clear;Beauty & Wellbeing;108500;Ashley;1;0;1;9;05/03/2019;5;50500;252500;Balikpapan
Rexona;Personal Care;182000;Brian;5;0;0;9;01/09/2018;6;22500;135000;Balikpapan
Cornetto;Ice Cream;116000;Kimberly;3;0;0;7;11/01/2022;9;35000;315000;Balikpapan
Hellmann's;Nutrition;60000;Cindy;2;1;0;8;17/12/2021;4;32000;128000;Balikpapan
Clear Men;Beauty & Wellbeing;54500;Madison;3;1;0;6;14/09/2021;8;39500;316000;Balikpapan
Pond's;Beauty & Wellbeing;167000;William;5;0;0;9;26/10/2022;6;46000;276000;Balikpapan
Viennetta;Ice Cream;66500;Stephanie;4;0;1;8;09/06/2021;8;48000;384000;Balikpapan
Bango;Nutrition;108000;Jon;1;1;0;10;25/08/2020;10;27500;275000;Balikpapan
Bango;Nutrition;192500;Duane;5;0;0;8;20/01/2018;6;47000;282000;Balikpapan
Vaseline Men;Beauty & Wellbeing;183500;Javier;1;0;1;9;12/09/2020;6;35000;210000;Balikpapan
Simple;Beauty & Wellbeing;141000;Laura;3;1;0;5;10/06/2020;7;43000;301000;Balikpapan
TRESemme;Beauty & Wellbeing;68500;Michele;4;1;1;8;13/01/2018;2;28500;57000;Balikpapan
Dove;Personal Care;94000;Susan;2;1;1;5;19/11/2018;6;44500;267000;Balikpapan
Bango;Nutrition;165500;Jennifer;2;0;1;8;26/03/2021;1;32000;32000;Balikpapan
Hellmann's;Nutrition;107500;Adrian;5;0;1;10;22/04/2022;2;54500;109000;Balikpapan
Feast;Ice Cream;85500;Robert;4;1;0;10;06/07/2022;9;49500;445500;Balikpapan
Populaire;Ice Cream;185000;Elizabeth;5;1;0;10;03/08/2019;8;51500;412000;Balikpapan
Wipol;Home Care;161000;Natalie;5;0;1;8;19/01/2022;7;49500;346500;Balikpapan
Feast;Ice Cream;109500;Justin;4;0;0;7;19/10/2019;4;49500;198000;Balikpapan
Love Beauty & Planet;Beauty & Wellbeing;116500;Andrew;2;0;0;9;12/01/2018;6;22000;132000;Balikpapan
Rinso;Home Care;154000;Martin;4;1;0;7;06/07/2021;1;25000;25000;Balikpapan
Sunsilk;Beauty & Wellbeing;160000;Zachary;1;1;0;5;16/11/2022;10;58000;580000;Balikpapan
Vixal;Home Care;87000;Christina;5;1;0;8;19/07/2017;2;29500;59000;Balikpapan
Clear Men;Beauty & Wellbeing;154500;Lisa;1;1;1;8;04/09/2021;7;43000;301000;Balikpapan
Pond's;Beauty & Wellbeing;140500;Shannon;2;1;0;8;03/03/2020;8;57500;460000;Balikpapan
Royco;Nutrition;59500;Jimmy;1;1;0;9;28/01/2022;1;32500;32500;Balikpapan
Superpell;Home Care;172000;Robert;5;1;1;9;04/03/2018;10;26500;265000;Balikpapan
Lipton;Nutrition;186500;Earl;1;0;0;8;22/05/2022;6;31000;186000;Balikpapan
Pond's Men;Beauty & Wellbeing;117500;William;4;0;1;8;17/03/2020;4;46500;186000;Balikpapan
Glow & Lovely;Beauty & Wellbeing;69000;Sara;1;0;1;9;31/03/2019;9;44000;396000;Balikpapan
Pond's Men;Beauty & Wellbeing;72000;Nicholas;5;1;1;5;26/09/2020;9;47500;427500;Balikpapan
LUX;Personal Care;109000;Taylor;3;1;1;6;01/12/2017;3;36000;108000;Balikpapan
Axe;Personal Care;92500;Sydney;2;0;1;5;20/07/2018;1;25000;25000;Balikpapan
Molto;Home Care;63000;Jeffrey;4;0;1;5;23/07/2018;3;30000;90000;Balikpapan
St.Ives;Personal Care;84500;Patricia;5;1;1;8;06/08/2021;9;26500;238500;Balikpapan
Pond's Men;Beauty & Wellbeing;61500;Michael;2;1;0;6;03/03/2021;8;41500;332000;Balikpapan
Love Beauty & Planet;Beauty & Wellbeing;142500;Brady;1;1;1;6;07/08/2019;10;33500;335000;Balikpapan
Dove;Beauty & Wellbeing;187500;Robin;3;1;1;6;14/12/2020;5;28500;142500;Balikpapan
Sunsilk;Beauty & Wellbeing;114500;Patrick;2;0;0;10;23/12/2020;9;21500;193500;Balikpapan
Buavita;Nutrition;114000;James;2;1;1;7;20/02/2022;2;34500;69000;Balikpapan
Cornetto;Ice Cream;108000;Kimberly;1;1;0;5;22/03/2019;7;24500;171500;Balikpapan
Vaseline Men;Beauty & Wellbeing;131000;Denise;1;1;1;5;30/06/2020;2;51000;102000;Balikpapan
Buavita;Nutrition;177000;Matthew;1;0;0;7;22/01/2017;7;51500;360500;Balikpapan
Buavita;Nutrition;100500;Jonathan;3;1;1;5;13/01/2018;4;46500;186000;Balikpapan
Lipton;Nutrition;89500;Francisco;5;1;0;5;16/08/2021;5;50500;252500;Balikpapan
Glow & Lovely;Beauty & Wellbeing;94500;Jessica;4;1;1;7;14/01/2019;9;33500;301500;Balikpapan
Vixal;Home Care;160000;Cynthia;4;0;0;5;22/09/2018;6;32500;195000;Balikpapan
Molto;Home Care;135000;Michael;5;1;0;5;07/09/2022;7;23500;164500;Balikpapan
Bango;Nutrition;71000;Marie;1;1;0;7;28/08/2017;2;44000;88000;Balikpapan
Cif;Home Care;158000;Tiffany;1;1;1;8;24/02/2017;9;42500;382500;Balikpapan
Pond's Men;Beauty & Wellbeing;56000;Nathan;5;0;1;5;22/10/2019;1;56500;56500;Balikpapan
Close Up;Personal Care;195000;Robert;1;1;1;6;26/02/2018;2;33500;67000;Balikpapan
Lipton;Nutrition;187500;Mike;5;0;1;6;20/04/2021;10;51000;510000;Balikpapan
Molto;Home Care;83000;Raven;3;0;1;10;25/04/2017;4;39000;156000;Balikpapan
Bango;Nutrition;126000;Timothy;1;0;0;5;10/07/2018;5;30000;150000;Balikpapan
Molto;Home Care;173500;Amy;2;0;0;8;20/05/2022;7;44500;311500;Balikpapan
Pond's;Beauty & Wellbeing;121500;Dustin;5;1;1;7;27/05/2017;4;33000;132000;Balikpapan
Rinso;Home Care;72500;Michelle;1;0;1;6;15/10/2020;8;56500;452000;Balikpapan
Axe;Personal Care;69000;Tanya;4;0;1;10;09/12/2021;5;33500;167500;Balikpapan
Pond's Men;Beauty & Wellbeing;120500;Keith;5;0;1;9;24/01/2020;9;21000;189000;Balikpapan
Pepsodent;Beauty & Wellbeing;127500;Amanda;3;0;0;8;15/05/2017;4;59000;236000;Balikpapan
Lifebuoy;Personal Care;139500;Michael;5;1;1;7;13/03/2022;8;29500;236000;Balikpapan
Clear;Beauty & Wellbeing;115500;Jessica;2;0;1;9;23/02/2022;7;34000;238000;Balikpapan
Clear Men;Beauty & Wellbeing;98500;Gary;4;1;0;6;14/05/2018;5;50500;252500;Balikpapan
Molto;Home Care;99000;Justin;2;1;1;5;28/10/2022;3;31000;93000;Balikpapan
Cornetto;Ice Cream;52000;Stephanie;3;0;0;5;06/07/2019;7;21000;147000;Balikpapan
Royco;Nutrition;178000;Brandon;2;1;0;5;09/03/2018;9;21500;193500;Balikpapan
Cif;Home Care;91000;Christian;3;1;1;9;20/07/2019;2;30500;61000;Balikpapan
Love Beauty & Planet;Beauty & Wellbeing;88500;Shaun;2;1;1;9;10/12/2019;8;22000;176000;Balikpapan
Molto;Home Care;123500;Brandon;5;1;0;8;06/10/2021;9;50500;454500;Balikpapan
Lifebuoy;Personal Care;180500;Rebecca;2;0;0;9;27/01/2018;10;45500;455000;Balikpapan
Buavita;Nutrition;136500;Andrew;3;0;0;8;08/08/2020;6;26000;156000;Balikpapan
Paddle Pop;Ice Cream;169000;Brittany;3;1;1;6;23/04/2019;7;30500;213500;Balikpapan
Close Up;Personal Care;122000;Joe;2;1;0;5;13/11/2019;2;46000;92000;Balikpapan
Seru;Ice Cream;79000;Daniel;5;0;1;8;27/03/2019;10;22500;225000;Balikpapan
Buavita;Nutrition;84000;William;2;1;0;10;09/07/2018;2;50000;100000;Balikpapan
Viennetta;Ice Cream;183500;Jennifer;1;1;0;8;13/12/2019;7;43000;301000;Balikpapan
LUX;Personal Care;131500;Darrell;4;1;1;8;01/07/2019;3;36000;108000;Balikpapan
Lifebuoy;Personal Care;149500;David;1;1;0;9;29/07/2017;9;57000;513000;Balikpapan
Dove;Beauty & Wellbeing;93500;Carlos;4;0;0;9;11/04/2021;2;50000;100000;Balikpapan
Wipol;Home Care;98000;Debra;5;0;1;9;26/08/2021;1;48000;48000;Balikpapan
Dove;Beauty & Wellbeing;81000;Sarah;5;1;1;5;07/07/2017;7;54000;378000;Balikpapan
Vixal;Home Care;195500;Justin;3;1;0;5;08/11/2022;5;29000;145000;Balikpapan
Lipton;Nutrition;50000;April;3;0;0;5;21/08/2018;5;20500;102500;Balikpapan
Wall's;Ice Cream;167500;Kathleen;5;0;0;6;09/08/2018;9;59500;535500;Balikpapan
Glow & Lovely;Beauty & Wellbeing;188000;Phillip;4;0;1;6;19/04/2017;3;28500;85500;Balikpapan
Rinso;Home Care;168000;John;2;0;0;10;03/08/2020;5;43000;215000;Balikpapan
Superpell;Home Care;169500;Edward;1;1;0;7;17/09/2021;1;28000;28000;Balikpapan
Vixal;Home Care;142000;Sandra;3;1;0;8;16/11/2021;9;37500;337500;Balikpapan
Royco;Nutrition;180500;William;5;1;1;7;20/12/2019;8;28000;224000;Balikpapan
TRESemme;Beauty & Wellbeing;132500;Robert;4;0;1;8;27/12/2021;6;52500;315000;Balikpapan
Rinso;Home Care;155000;Kyle;2;0;0;6;05/08/2019;9;31000;279000;Balikpapan
Unilever Proffesional;Beauty & Wellbeing;109500;Samantha;4;0;1;8;01/09/2020;3;27000;81000;Balikpapan
Magnum;Ice Cream;68000;Elizabeth;2;1;1;5;03/02/2019;10;38500;385000;Balikpapan
Sunsilk;Beauty & Wellbeing;125000;Jill;3;1;0;6;03/09/2019;5;26000;130000;Balikpapan
Axe;Personal Care;127500;Jacob;5;0;0;8;28/03/2020;10;46000;460000;Balikpapan
TRESemme;Beauty & Wellbeing;196000;Donna;2;1;0;7;22/06/2021;9;53000;477000;Balikpapan
The Vegetarian Butcher;Nutrition;95500;Lindsay;5;1;0;10;23/02/2021;7;20500;143500;Balikpapan
Knorr;Nutrition;132500;Jessica;4;0;0;10;17/09/2017;2;58500;117000;Balikpapan
Citra;Beauty & Wellbeing;106000;Rachel;5;0;0;9;03/05/2017;5;22500;112500;Balikpapan
Molto;Home Care;196000;Austin;4;0;1;8;16/08/2018;8;55500;444000;Balikpapan
Hellmann's;Nutrition;86500;Jennifer;4;1;0;8;11/12/2017;4;48500;194000;Balikpapan
Dove;Personal Care;85500;David;3;1;0;9;29/11/2021;2;59500;119000;Balikpapan
Knorr;Nutrition;127000;Stephanie;3;1;0;9;02/02/2020;3;38500;115500;Balikpapan
Populaire;Ice Cream;139500;Becky;4;1;0;8;29/05/2018;8;35500;284000;Balikpapan
Knorr;Nutrition;131500;Matthew;3;1;1;5;01/11/2018;9;37000;333000;Balikpapan
Hellmann's;Nutrition;66000;David;1;0;0;7;15/02/2017;8;54000;432000;Balikpapan
LUX;Personal Care;175000;Sonya;5;0;1;7;23/12/2018;2;22000;44000;Balikpapan
Bango;Nutrition;81500;Mariah;4;0;0;8;09/11/2022;7;22000;154000;Balikpapan
Hellmann's;Nutrition;149500;Amanda;4;1;0;6;30/07/2020;6;37000;222000;Balikpapan
Lifebuoy;Personal Care;116500;Alan;4;0;1;6;12/01/2020;3;39500;118500;Balikpapan
Unilever Proffesional;Beauty & Wellbeing;152000;Veronica;4;1;1;8;14/08/2020;4;39500;158000;Balikpapan
Love Beauty & Planet;Beauty & Wellbeing;174000;Brian;3;1;1;10;01/01/2021;9;41000;369000;Balikpapan
Seru;Ice Cream;184000;Kevin;4;1;1;6;21/10/2021;8;60000;480000;Balikpapan
Simple;Beauty & Wellbeing;159500;Kirsten;3;0;1;9;09/03/2020;1;37000;37000;Balikpapan
Cornetto;Ice Cream;191000;Melissa;5;0;0;6;24/09/2018;10;59000;590000;Balikpapan
Sunsilk;Beauty & Wellbeing;161000;Kyle;4;1;0;5;19/10/2021;9;29000;261000;Balikpapan
Hellmann's;Nutrition;158500;Michelle;2;1;1;8;07/05/2022;4;39500;158000;Balikpapan
Wall's;Ice Cream;109000;Joseph;4;1;1;7;10/10/2019;3;55000;165000;Balikpapan
Dove;Personal Care;130000;Jason;4;1;0;6;12/08/2017;6;57000;342000;Balikpapan
Feast;Ice Cream;82500;Jeremy;3;1;0;6;22/05/2018;2;24500;49000;Balikpapan
Bango;Nutrition;137500;Brittany;4;1;1;8;28/01/2019;10;23500;235000;Balikpapan
The Vegetarian Butcher;Nutrition;85500;Kyle;2;1;0;5;20/10/2020;3;43000;129000;Balikpapan
Dove;Personal Care;172000;Dennis;2;1;1;5;22/11/2020;3;28000;84000;Balikpapan
LUX;Personal Care;155500;John;1;0;1;10;14/03/2022;8;33500;268000;Balikpapan
Simple;Beauty & Wellbeing;192500;Charles;1;1;1;9;02/10/2022;9;35500;319500;Balikpapan
Buavita;Nutrition;98000;Amanda;2;1;1;10;06/06/2018;9;37500;337500;Balikpapan
Lifebuoy;Personal Care;163000;Mark;3;1;0;5;26/09/2018;6;21000;126000;Balikpapan
Sunsilk;Beauty & Wellbeing;56500;Ryan;4;0;0;6;23/11/2019;5;30000;150000;Balikpapan
Close Up;Personal Care;113000;Michael;2;1;1;6;09/11/2020;7;32500;227500;Balikpapan
Lipton;Nutrition;136000;Phyllis;2;0;0;9;27/02/2018;6;46000;276000;Balikpapan
Hellmann's;Nutrition;91500;Samantha;2;0;0;5;22/03/2017;6;37000;222000;Balikpapan
Simple;Beauty & Wellbeing;179500;Jeffery;1;1;1;10;04/06/2019;2;20000;40000;Balikpapan
Vaseline Men;Beauty & Wellbeing;187000;Erica;5;0;1;10;11/06/2018;9;51000;459000;Balikpapan
Love Beauty & Planet;Beauty & Wellbeing;139500;Jane;1;0;0;5;19/11/2019;9;54500;490500;Balikpapan
Lipton;Nutrition;192500;Jennifer;4;1;1;5;11/11/2020;7;26000;182000;Balikpapan
Paddle Pop;Ice Cream;100500;Leslie;3;0;0;8;03/08/2017;10;47000;470000;Surabaya
Jawara;Nutrition;166000;Julie;2;1;0;6;17/03/2022;1;39000;39000;Surabaya
The Vegetarian Butcher;Nutrition;95000;Joshua;4;1;1;10;11/12/2018;4;44500;178000;Surabaya
Sunlight;Home Care;105000;Linda;5;1;1;6;04/01/2022;6;42000;252000;Surabaya
SariWangi;Nutrition;110500;Sharon;3;1;1;6;09/05/2018;3;49000;147000;Surabaya
Sunlight;Home Care;103500;Jacob;3;0;0;10;10/11/2019;1;31000;31000;Surabaya
Viennetta;Ice Cream;97000;Elizabeth;4;1;1;6;22/02/2022;7;45500;318500;Surabaya
The Vegetarian Butcher;Nutrition;99500;Elizabeth;1;0;0;10;03/06/2022;6;30500;183000;Surabaya
Zwitsal;Beauty & Wellbeing;118500;Christine;5;1;0;7;22/01/2020;7;25000;175000;Surabaya
Vaseline Men;Beauty & Wellbeing;98000;James;2;0;0;5;29/07/2021;4;55000;220000;Surabaya
Glow & Lovely;Beauty & Wellbeing;160500;Tiffany;1;0;0;9;02/05/2021;4;54500;218000;Surabaya
Dove;Personal Care;193500;Haley;5;1;1;5;06/06/2021;9;26500;238500;Surabaya
St.Ives;Personal Care;132500;Vanessa;4;1;1;7;11/04/2020;5;59000;295000;Surabaya
Rinso;Home Care;148000;Sarah;1;0;0;5;24/07/2019;3;51500;154500;Surabaya
Wall's;Ice Cream;122000;Tony;3;0;0;5;09/06/2021;8;42500;340000;Surabaya
Glow & Lovely;Beauty & Wellbeing;107000;Robert;3;1;1;9;10/08/2021;5;42500;212500;Surabaya
Clear;Beauty & Wellbeing;159500;Heather;1;0;0;6;02/11/2017;7;20000;140000;Surabaya
Love Beauty & Planet;Beauty & Wellbeing;86000;Rachel;5;1;1;6;19/03/2021;6;44500;267000;Surabaya
Simple;Beauty & Wellbeing;141500;Corey;3;1;1;7;18/11/2020;5;49500;247500;Surabaya
Clear;Beauty & Wellbeing;54500;Michael;1;1;1;10;11/09/2017;3;38000;114000;Surabaya
Wall's;Ice Cream;114500;Micheal;4;0;1;6;02/11/2019;5;57000;285000;Surabaya
Vixal;Home Care;78000;Joel;5;1;1;10;09/01/2022;3;29000;87000;Surabaya
Knorr;Nutrition;174500;Joseph;3;0;1;5;05/07/2019;8;47000;376000;Surabaya
Pond's;Beauty & Wellbeing;169000;Stephanie;3;1;1;5;02/03/2019;8;49000;392000;Surabaya
SariWangi;Nutrition;97000;Lauren;5;0;0;10;11/10/2020;9;56000;504000;Surabaya
Populaire;Ice Cream;90500;Kathryn;2;0;1;8;15/06/2018;8;43500;348000;Surabaya
Simple;Beauty & Wellbeing;137500;Daniel;5;0;1;6;03/12/2022;5;48000;240000;Surabaya
Glow & Lovely;Beauty & Wellbeing;114500;Frances;1;0;0;6;21/04/2018;1;24000;24000;Surabaya
TRESemme;Beauty & Wellbeing;106500;Phyllis;1;1;0;5;30/04/2022;7;43000;301000;Surabaya
Wall's;Ice Cream;97000;Charles;3;1;0;8;09/12/2022;2;20000;40000;Surabaya
Glow & Lovely;Beauty & Wellbeing;168000;Betty;3;1;1;5;27/05/2020;7;38000;266000;Surabaya
Hellmann's;Nutrition;97500;Kristen;3;0;1;8;06/07/2017;4;38500;154000;Surabaya
Magnum;Ice Cream;186500;Ryan;3;0;0;7;28/05/2018;1;48500;48500;Surabaya
Lipton;Nutrition;78000;Diana;5;0;0;6;13/03/2019;3;45000;135000;Surabaya
Seru;Ice Cream;124500;Tyler;2;0;0;8;02/11/2021;1;45500;45500;Surabaya
Sunlight;Home Care;131000;Jill;3;1;0;10;07/09/2019;4;28500;114000;Surabaya
TRESemme;Beauty & Wellbeing;57000;Teresa;2;1;1;7;16/11/2022;9;20500;184500;Surabaya
Rinso;Home Care;117500;Robert;5;0;1;5;09/12/2017;2;25500;51000;Surabaya
Feast;Ice Cream;81500;Mark;1;0;0;7;28/07/2021;4;44500;178000;Surabaya
Viennetta;Ice Cream;178000;Rebecca;3;1;0;9;30/09/2018;9;60000;540000;Surabaya
Sunsilk;Beauty & Wellbeing;168000;Brittney;1;0;1;7;05/09/2021;9;39500;355500;Surabaya
Vixal;Home Care;158500;Kelly;2;1;0;7;12/12/2017;5;39000;195000;Surabaya
Citra;Beauty & Wellbeing;64000;Michael;5;0;0;5;11/02/2022;6;57500;345000;Surabaya
Wall's;Ice Cream;172000;Xavier;3;1;1;9;10/07/2017;9;57000;513000;Surabaya
Superpell;Home Care;108000;Benjamin;4;0;1;5;04/06/2022;3;38000;114000;Surabaya
Rinso;Home Care;66000;Elizabeth;4;1;1;10;26/03/2021;5;21000;105000;Surabaya
LUX;Personal Care;187000;Ryan;1;1;0;7;11/01/2018;5;29000;145000;Surabaya
Hellmann's;Nutrition;176000;Lisa;1;0;1;10;18/03/2020;7;37500;262500;Surabaya
Glow & Lovely;Beauty & Wellbeing;168000;Tiffany;4;1;1;9;16/08/2022;8;36500;292000;Surabaya
Vaseline Men;Beauty & Wellbeing;104500;Steven;3;1;0;7;16/12/2021;4;28000;112000;Surabaya
SariWangi;Nutrition;129500;Christopher;1;1;1;10;13/08/2020;6;30500;183000;Surabaya
Cornetto;Ice Cream;173500;Willie;5;1;0;8;14/10/2017;6;21500;129000;Surabaya
Feast;Ice Cream;183500;Steven;3;0;1;10;15/02/2022;8;53000;424000;Surabaya
Royco;Nutrition;194000;Curtis;5;1;1;5;09/07/2021;2;34500;69000;Surabaya
Hellmann's;Nutrition;182000;Heidi;5;0;0;9;06/10/2019;2;34500;69000;Surabaya
Hellmann's;Nutrition;111000;Lee;1;0;1;10;14/07/2021;1;20000;20000;Surabaya
Close Up;Personal Care;57000;Joseph;1;1;1;6;11/06/2017;2;42000;84000;Surabaya
Vaseline Men;Beauty & Wellbeing;88500;Melanie;1;1;1;9;21/07/2017;5;52000;260000;Surabaya
Buavita;Nutrition;95500;Samuel;5;0;1;6;16/12/2018;10;27000;270000;Surabaya
Lipton;Nutrition;155000;Jacob;5;0;0;6;04/12/2017;10;48500;485000;Surabaya
Vixal;Home Care;114500;Alexandra;5;1;0;5;10/07/2017;5;53000;265000;Surabaya
Vixal;Home Care;82500;Eric;5;1;1;6;28/03/2017;6;57500;345000;Surabaya
Simple;Beauty & Wellbeing;114000;Jake;2;0;0;10;20/10/2019;2;50500;101000;Surabaya
Axe;Personal Care;83500;Lori;2;0;0;10;09/10/2020;8;20500;164000;Surabaya
Zwitsal;Beauty & Wellbeing;190000;David;4;1;0;8;15/08/2018;7;27000;189000;Surabaya
St.Ives;Personal Care;163000;Anthony;3;0;1;10;15/06/2020;1;25500;25500;Surabaya
SariWangi;Nutrition;121500;Teresa;5;1;1;6;14/03/2019;4;24000;96000;Surabaya
TRESemme;Beauty & Wellbeing;54500;Francisco;4;0;1;6;26/05/2020;9;53500;481500;Surabaya
Zwitsal;Beauty & Wellbeing;137500;Amanda;2;0;1;7;04/02/2019;10;35500;355000;Surabaya
Molto;Home Care;147500;Donald;3;1;1;10;17/12/2022;2;58000;116000;Surabaya
Knorr;Nutrition;112500;Laura;2;1;0;6;01/03/2017;4;58500;234000;Surabaya
Cif;Home Care;124000;Susan;4;1;1;5;28/03/2021;10;53500;535000;Surabaya
LUX;Personal Care;119000;Arthur;3;1;0;6;30/08/2019;6;41000;246000;Surabaya
Seru;Ice Cream;99500;Eric;5;0;0;5;11/06/2017;9;27500;247500;Surabaya
Vixal;Home Care;196500;Jose;1;1;0;10;26/08/2018;3;42000;126000;Surabaya
Glow & Lovely;Beauty & Wellbeing;199500;Mathew;4;0;0;10;30/10/2018;8;31000;248000;Surabaya
Sunlight;Home Care;190000;Cheryl;2;1;0;6;05/04/2021;10;28500;285000;Surabaya
Hellmann's;Nutrition;51500;George;3;1;1;6;29/06/2021;10;55500;555000;Surabaya
Lifebuoy;Personal Care;185000;Barbara;4;1;0;10;26/03/2022;3;54000;162000;Surabaya
Magnum;Ice Cream;65500;William;5;0;0;7;13/11/2022;7;31000;217000;Surabaya
Hellmann's;Nutrition;146500;Amy;4;0;0;10;11/11/2018;5;50500;252500;Surabaya
Simple;Beauty & Wellbeing;184500;Jennifer;4;1;1;6;18/09/2020;4;25500;102000;Surabaya
Citra;Beauty & Wellbeing;136500;Ryan;5;0;1;8;18/12/2019;4;33000;132000;Surabaya
Magnum;Ice Cream;194500;Tiffany;4;1;0;6;25/09/2017;4;55500;222000;Surabaya
Molto;Home Care;162500;Joseph;2;1;0;8;12/02/2018;8;46500;372000;Surabaya
SariWangi;Nutrition;128000;Aaron;5;0;1;10;22/12/2018;9;37500;337500;Surabaya
Pepsodent;Beauty & Wellbeing;85500;Johnny;1;0;0;6;09/02/2020;2;42000;84000;Surabaya
LUX;Personal Care;147000;Brian;2;1;1;10;14/03/2017;10;60000;600000;Surabaya
Wall's;Ice Cream;126000;Samantha;5;1;1;9;30/06/2021;3;22000;66000;Surabaya
Dove;Beauty & Wellbeing;171500;Debra;2;1;1;6;11/01/2017;1;50000;50000;Surabaya
Simple;Beauty & Wellbeing;162000;Faith;1;1;0;8;31/12/2017;4;28500;114000;Surabaya
Rexona;Personal Care;133000;Andrew;3;0;1;7;28/02/2018;10;26500;265000;Surabaya
Knorr;Nutrition;184000;Gregory;3;0;1;5;17/10/2021;1;30500;30500;Surabaya
Love Beauty & Planet;Beauty & Wellbeing;181000;Alexandra;1;0;0;9;28/09/2022;5;40000;200000;Surabaya
Glow & Lovely;Beauty & Wellbeing;111000;Faith;3;1;1;5;22/11/2021;2;53000;106000;Surabaya
The Vegetarian Butcher;Nutrition;180000;Louis;3;0;1;6;13/09/2021;7;35500;248500;Surabaya
Buavita;Nutrition;56000;Jessica;5;1;0;10;12/05/2017;9;23000;207000;Surabaya
Zwitsal;Beauty & Wellbeing;57500;Christopher;2;1;1;6;18/11/2017;10;26000;260000;Surabaya
Paddle Pop;Ice Cream;130000;Joseph;1;1;1;9;25/01/2019;6;27000;162000;Surabaya
Rinso;Home Care;183500;Daniel;4;1;0;7;22/09/2022;4;52500;210000;Surabaya
Zwitsal;Beauty & Wellbeing;137000;Mark;4;0;0;6;14/06/2020;2;44000;88000;Surabaya
Vixal;Home Care;167000;Nathan;5;1;0;8;09/06/2021;9;49500;445500;Surabaya
Pepsodent;Beauty & Wellbeing;77000;Kristina;4;1;1;9;12/09/2018;1;23000;23000;Surabaya
Rexona;Personal Care;188500;Julie;1;0;0;5;12/10/2021;3;40000;120000;Surabaya
Rinso;Home Care;161000;Lori;3;0;0;9;27/03/2018;7;28000;196000;Surabaya
Close Up;Personal Care;173500;Charlotte;3;0;0;10;07/10/2017;2;52000;104000;Surabaya
Populaire;Ice Cream;197500;Bradley;1;0;1;8;02/09/2020;10;47000;470000;Surabaya
Clear;Beauty & Wellbeing;75500;Robert;3;1;0;5;10/09/2017;4;46500;186000;Surabaya
Wall's;Ice Cream;53000;Aaron;2;0;0;10;15/04/2021;5;59500;297500;Surabaya
Superpell;Home Care;104500;Christine;2;1;1;6;02/02/2019;9;44000;396000;Surabaya
Glow & Lovely;Beauty & Wellbeing;173000;Scott;4;1;0;9;09/05/2019;5;23000;115000;Surabaya
Bango;Nutrition;185000;Lauren;3;0;0;5;05/08/2019;10;24500;245000;Surabaya
Lipton;Nutrition;190500;Anthony;3;0;1;5;17/09/2020;4;46500;186000;Surabaya
St.Ives;Personal Care;65000;Sarah;5;1;1;6;21/08/2018;1;33000;33000;Surabaya
Superpell;Home Care;195500;Timothy;3;0;0;5;10/01/2018;5;51500;257500;Surabaya
Dove;Beauty & Wellbeing;86500;Mary;3;1;1;6;09/10/2019;9;36000;324000;Surabaya
Cornetto;Ice Cream;67000;Carmen;3;0;0;8;15/11/2019;10;38000;380000;Surabaya
Wipol;Home Care;137500;Bradley;3;0;0;9;03/02/2021;9;60000;540000;Surabaya
Pond's Men;Beauty & Wellbeing;56000;Tony;2;1;1;7;30/05/2019;3;44000;132000;Surabaya
Pond's Men;Beauty & Wellbeing;52500;Jared;4;0;1;10;02/09/2022;2;20500;41000;Surabaya
TRESemme;Beauty & Wellbeing;187000;Donna;5;0;0;6;13/11/2019;4;29500;118000;Surabaya
Paddle Pop;Ice Cream;81500;Paul;3;0;0;7;18/01/2017;7;54500;381500;Surabaya
Jawara;Nutrition;67000;Angela;2;1;1;10;30/06/2019;8;24000;192000;Surabaya
The Vegetarian Butcher;Nutrition;187500;Samantha;2;0;1;7;05/05/2017;2;22500;45000;Surabaya
SariWangi;Nutrition;138000;Bonnie;3;1;0;9;02/03/2020;3;36000;108000;Surabaya
Dove;Personal Care;199000;Kaitlin;5;1;0;7;13/11/2020;10;57000;570000;Surabaya
Love Beauty & Planet;Beauty & Wellbeing;179500;Jessica;1;0;0;5;26/09/2017;2;25500;51000;Surabaya
Close Up;Personal Care;64000;Victoria;3;1;0;9;04/12/2020;2;34500;69000;Surabaya
Love Beauty & Planet;Beauty & Wellbeing;124500;Sarah;5;1;1;6;25/11/2021;8;54500;436000;Surabaya
Feast;Ice Cream;176500;Robert;3;0;1;7;08/06/2020;8;28000;224000;Surabaya
St.Ives;Personal Care;108500;Edward;1;1;0;10;12/07/2022;8;59000;472000;Surabaya
Clear Men;Beauty & Wellbeing;134000;Austin;1;0;1;5;23/10/2021;4;22000;88000;Surabaya
Magnum;Ice Cream;65000;George;5;1;0;7;11/03/2022;1;46000;46000;Surabaya
Sunlight;Home Care;134000;Sarah;1;0;0;5;06/02/2019;7;22500;157500;Surabaya
Bango;Nutrition;196000;Crystal;2;1;0;7;18/01/2022;8;31500;252000;Surabaya
Vixal;Home Care;63500;Brianna;5;1;1;6;21/02/2022;1;25500;25500;Surabaya
Axe;Personal Care;67500;Jason;1;1;0;10;22/06/2019;8;41500;332000;Surabaya
Axe;Personal Care;171000;Drew;1;0;1;7;01/01/2019;4;32000;128000;Surabaya
Love Beauty & Planet;Beauty & Wellbeing;76000;Steven;3;1;0;7;05/03/2020;2;58500;117000;Surabaya
Zwitsal;Beauty & Wellbeing;102000;Taylor;4;0;0;10;20/01/2017;8;53500;428000;Surabaya
Zwitsal;Beauty & Wellbeing;182000;Melissa;1;1;1;9;24/08/2019;10;27000;270000;Surabaya
Cif;Home Care;176500;Nicholas;2;1;1;7;29/11/2021;9;28500;256500;Surabaya
Sunlight;Home Care;148500;Natalie;1;0;1;9;23/04/2017;2;22000;44000;Surabaya
Pepsodent;Beauty & Wellbeing;138500;Kelly;5;0;1;5;03/12/2022;9;41000;369000;Surabaya
Cif;Home Care;106500;Brandon;3;1;0;9;13/03/2021;5;53500;267500;Surabaya
Clear;Beauty & Wellbeing;198000;Shannon;1;0;1;10;08/06/2022;1;52000;52000;Surabaya
Magnum;Ice Cream;67000;Adrian;5;1;1;7;22/03/2019;7;40500;283500;Surabaya
Molto;Home Care;169000;Cory;3;0;0;10;25/05/2017;5;39500;197500;Medan
Wipol;Home Care;162000;Dana;2;1;1;7;04/11/2018;7;26000;182000;Medan
Rexona;Personal Care;195000;Thomas;1;0;0;6;15/05/2020;10;28000;280000;Medan
Lifebuoy;Personal Care;197500;Stephen;1;1;0;10;01/07/2022;2;23500;47000;Medan
Jawara;Nutrition;52000;Kathy;3;0;1;7;26/06/2020;6;23000;138000;Medan
Close Up;Personal Care;113000;Kimberly;3;1;1;9;07/09/2018;6;32000;192000;Medan
Axe;Personal Care;122500;Linda;2;0;1;6;07/06/2019;9;22500;202500;Medan
Viennetta;Ice Cream;68500;Janet;2;0;1;7;27/01/2022;6;53000;318000;Medan
Rexona;Personal Care;162500;Jonathan;5;0;1;5;01/10/2017;1;23500;23500;Medan
Viennetta;Ice Cream;66000;David;3;0;0;8;15/09/2021;9;41500;373500;Medan
Viennetta;Ice Cream;97000;Krista;2;1;1;5;24/10/2022;8;60000;480000;Medan
Zwitsal;Beauty & Wellbeing;69000;Brian;2;1;0;10;09/06/2022;3;48000;144000;Medan
Cornetto;Ice Cream;155500;Lisa;2;0;0;9;13/11/2022;9;55500;499500;Medan
Bango;Nutrition;99500;Steven;1;1;1;7;03/10/2021;3;48000;144000;Medan
Cif;Home Care;84000;Kari;5;1;0;10;07/02/2018;4;45000;180000;Medan
Lifebuoy;Personal Care;63000;Kevin;3;0;1;8;26/12/2018;7;23000;161000;Medan
St.Ives;Personal Care;88000;William;5;1;0;10;12/04/2021;6;51000;306000;Medan
The Vegetarian Butcher;Nutrition;139500;John;2;1;1;6;30/05/2022;4;44000;176000;Medan
Paddle Pop;Ice Cream;121000;Matthew;5;0;1;5;25/11/2020;9;55500;499500;Medan
TRESemme;Beauty & Wellbeing;188500;Marvin;1;0;0;7;05/06/2021;9;48000;432000;Medan
Wipol;Home Care;185500;Billy;5;0;0;8;31/05/2019;9;23000;207000;Medan
Zwitsal;Beauty & Wellbeing;131000;Steven;5;0;0;8;27/05/2020;1;34500;34500;Medan
Buavita;Nutrition;110000;Edward;1;1;1;6;25/01/2017;6;48000;288000;Medan
Hellmann's;Nutrition;90500;Dominique;2;1;0;9;02/09/2020;10;49500;495000;Medan
Hellmann's;Nutrition;114500;Rebecca;3;1;0;8;22/05/2019;4;37000;148000;Medan
The Vegetarian Butcher;Nutrition;105000;Diana;4;1;0;10;28/12/2017;7;50000;350000;Medan
Viennetta;Ice Cream;87500;Mary;3;1;0;6;07/11/2022;5;58500;292500;Medan
Molto;Home Care;134500;Thomas;1;1;0;8;28/02/2018;7;50500;353500;Medan
Lifebuoy;Personal Care;200000;Veronica;2;1;0;9;20/09/2019;8;55500;444000;Medan
Clear;Beauty & Wellbeing;132000;Joshua;1;0;1;5;10/11/2021;2;47500;95000;Medan
The Vegetarian Butcher;Nutrition;121500;Bryan;4;0;1;6;03/03/2020;5;57000;285000;Medan
Pond's;Beauty & Wellbeing;172000;Maria;5;0;0;5;01/05/2018;7;47000;329000;Medan
Zwitsal;Beauty & Wellbeing;137500;Nicole;4;1;0;6;03/05/2020;6;43500;261000;Medan
Love Beauty & Planet;Beauty & Wellbeing;149000;April;4;1;0;5;21/06/2021;1;33000;33000;Medan
Dove;Personal Care;155500;Emily;2;1;0;6;28/06/2017;2;39000;78000;Medan
Glow & Lovely;Beauty & Wellbeing;128500;Savannah;5;1;1;10;10/11/2020;1;47000;47000;Medan
Cif;Home Care;156500;Shannon;2;0;0;7;12/08/2017;2;45000;90000;Medan
Hellmann's;Nutrition;76500;Laura;1;1;0;9;14/01/2021;5;31000;155000;Medan
Rinso;Home Care;149500;James;5;0;0;9;23/01/2022;10;59000;590000;Medan
The Vegetarian Butcher;Nutrition;56000;Barbara;2;1;0;6;28/03/2021;6;24500;147000;Medan
Bango;Nutrition;56000;Gregg;1;0;1;10;17/01/2022;4;44000;176000;Medan
Feast;Ice Cream;112000;Thomas;2;1;0;10;31/01/2017;5;33500;167500;Medan
Clear Men;Beauty & Wellbeing;68000;Ashley;1;0;1;6;07/04/2019;1;21000;21000;Medan
Citra;Beauty & Wellbeing;199500;Fernando;1;0;1;7;19/06/2022;4;50500;202000;Medan
St.Ives;Personal Care;126000;Diana;3;1;1;8;12/09/2018;5;24000;120000;Medan
Paddle Pop;Ice Cream;183000;Mary;2;1;1;5;02/02/2019;6;20000;120000;Medan
Dove;Personal Care;168000;Heather;2;0;0;8;22/11/2020;5;43000;215000;Medan
Cif;Home Care;129000;Dawn;2;1;1;5;23/10/2019;4;58000;232000;Medan
Glow & Lovely;Beauty & Wellbeing;111000;Cheryl;4;1;0;10;13/11/2018;6;57000;342000;Medan
The Vegetarian Butcher;Nutrition;138000;Monica;5;0;1;5;27/08/2021;6;58000;348000;Medan
Close Up;Personal Care;169500;Jason;4;1;0;10;11/07/2017;2;44500;89000;Medan
Molto;Home Care;51000;Julie;3;1;0;5;26/09/2021;6;52500;315000;Medan
Magnum;Ice Cream;196000;Robyn;2;0;0;7;28/09/2017;5;28000;140000;Medan
Wall's;Ice Cream;138500;Robert;4;0;0;7;10/06/2019;3;60000;180000;Medan
Paddle Pop;Ice Cream;156000;Kimberly;3;0;0;5;18/11/2017;6;27500;165000;Medan
Close Up;Personal Care;51000;Aaron;5;1;0;8;30/10/2021;5;50000;250000;Medan
Vixal;Home Care;119500;Andre;4;1;1;7;21/07/2021;6;56000;336000;Medan
Sunlight;Home Care;50500;Sarah;1;0;1;9;20/12/2020;6;47500;285000;Medan
Superpell;Home Care;62500;Alexandra;1;0;0;5;15/09/2017;8;49500;396000;Medan
Royco;Nutrition;108500;Cody;1;0;0;9;17/07/2019;1;44000;44000;Medan
Paddle Pop;Ice Cream;197000;Christopher;1;0;0;7;20/10/2020;5;55500;277500;Medan
Wall's;Ice Cream;169000;Stephanie;5;0;0;6;09/12/2019;7;52500;367500;Medan
Citra;Beauty & Wellbeing;122000;John;2;1;0;8;09/11/2022;7;29000;203000;Medan
Bango;Nutrition;146000;Brenda;5;0;1;5;04/10/2022;5;58000;290000;Medan
Zwitsal;Beauty & Wellbeing;94500;Peggy;3;0;0;8;29/09/2022;9;29000;261000;Medan
Bango;Nutrition;62500;Cory;2;1;1;5;06/07/2022;2;52000;104000;Medan
Knorr;Nutrition;167500;Jason;1;0;0;6;08/06/2020;4;48500;194000;Medan
Glow & Lovely;Beauty & Wellbeing;139500;Lisa;1;0;1;7;17/11/2019;4;37000;148000;Medan
Dove;Beauty & Wellbeing;96000;Larry;2;1;0;8;14/01/2017;7;48000;336000;Medan
The Vegetarian Butcher;Nutrition;81000;Heather;5;1;0;5;23/10/2020;7;37000;259000;Medan
Pond's Men;Beauty & Wellbeing;63000;Amy;1;1;1;7;04/02/2018;6;46000;276000;Medan
Lifebuoy;Personal Care;115000;Melissa;1;0;1;8;05/04/2020;6;20500;123000;Medan
Lifebuoy;Personal Care;69000;Sierra;3;1;0;10;21/08/2020;9;49500;445500;Medan
Close Up;Personal Care;188500;Mitchell;5;0;0;6;08/11/2018;8;31500;252000;Medan
Vaseline Men;Beauty & Wellbeing;181500;Melissa;5;0;1;5;05/04/2017;1;40500;40500;Medan
Jawara;Nutrition;64500;Gina;1;1;1;6;04/11/2018;7;26500;185500;Medan
Unilever Proffesional;Beauty & Wellbeing;151500;Nathan;2;0;0;8;13/09/2020;8;42000;336000;Medan
Love Beauty & Planet;Beauty & Wellbeing;126000;Randall;2;0;0;7;19/03/2021;5;31000;155000;Medan
Molto;Home Care;79000;Bryan;5;0;1;5;24/11/2022;10;37000;370000;Medan
Viennetta;Ice Cream;150000;Cory;2;0;0;9;14/08/2021;9;24500;220500;Medan
Feast;Ice Cream;51000;Ray;2;1;0;6;20/03/2019;1;40000;40000;Medan
Wipol;Home Care;146000;Shelby;1;0;1;7;04/09/2019;6;53500;321000;Medan
Rexona;Personal Care;174500;Erika;1;0;0;9;04/01/2020;2;24500;49000;Medan
Pepsodent;Beauty & Wellbeing;93500;Anthony;5;1;1;10;03/03/2017;7;41000;287000;Medan
Dove;Personal Care;165500;Vanessa;5;1;1;9;12/07/2020;4;51500;206000;Medan
Magnum;Ice Cream;158500;Matthew;5;0;1;8;08/03/2020;7;47500;332500;Medan
Buavita;Nutrition;154000;Tina;2;0;1;6;25/07/2018;7;44500;311500;Medan
The Vegetarian Butcher;Nutrition;97500;Sara;5;0;1;8;26/07/2017;4;25000;100000;Medan
Wall's;Ice Cream;178500;Elizabeth;4;1;1;5;31/12/2020;7;28500;199500;Medan
Pepsodent;Beauty & Wellbeing;178000;George;2;0;1;6;16/12/2018;7;25500;178500;Medan
Molto;Home Care;50000;Denise;3;1;1;8;13/03/2022;10;32500;325000;Medan
Buavita;Nutrition;122000;Cody;2;0;0;7;07/03/2018;2;57500;115000;Medan
The Vegetarian Butcher;Nutrition;56000;Joshua;1;0;0;9;18/12/2021;5;49500;247500;Medan
Royco;Nutrition;98000;Ronald;4;0;0;5;06/11/2022;7;60000;420000;Medan
Love Beauty & Planet;Beauty & Wellbeing;68000;Destiny;5;1;1;5;17/04/2019;2;34500;69000;Medan
Clear Men;Beauty & Wellbeing;60500;Thomas;1;1;1;9;11/01/2022;8;42500;340000;Medan
Seru;Ice Cream;180000;Annette;2;1;1;8;15/05/2019;4;55000;220000;Medan
Knorr;Nutrition;152000;Shawna;1;1;1;10;13/09/2021;7;25500;178500;Medan
Wipol;Home Care;165000;Judy;2;1;0;6;02/09/2022;6;52500;315000;Medan
Zwitsal;Beauty & Wellbeing;129000;Mark;1;0;0;5;14/08/2019;9;23500;211500;Medan
Clear;Beauty & Wellbeing;134000;Richard;4;1;0;8;11/09/2019;8;21000;168000;Medan
Clear Men;Beauty & Wellbeing;135000;Frank;3;0;1;5;19/05/2021;7;45500;318500;Medan
Vaseline Men;Beauty & Wellbeing;197000;Amy;1;0;1;9;22/02/2019;4;28500;114000;Medan
Wipol;Home Care;96500;Kimberly;4;1;0;7;01/09/2018;2;51500;103000;Medan
Wipol;Home Care;73000;Susan;2;0;1;10;02/10/2020;9;36500;328500;Medan
Rexona;Personal Care;158000;Omar;2;0;0;6;26/09/2019;5;26000;130000;Medan
Pond's Men;Beauty & Wellbeing;182500;Martin;4;1;1;6;21/08/2018;3;22500;67500;Medan
Glow & Lovely;Beauty & Wellbeing;131000;Christina;2;0;0;6;26/02/2021;7;21000;147000;Medan
Simple;Beauty & Wellbeing;112000;Mario;3;1;1;10;16/09/2022;1;41500;41500;Medan
Cornetto;Ice Cream;62000;Kathryn;1;0;0;6;16/04/2022;7;56000;392000;Medan
The Vegetarian Butcher;Nutrition;179000;Amber;1;0;1;5;13/04/2020;7;56000;392000;Medan
Feast;Ice Cream;163000;Amy;1;0;0;9;10/10/2017;10;41500;415000;Medan
LUX;Personal Care;149500;Andrew;1;1;1;7;25/09/2019;3;42000;126000;Medan
Rinso;Home Care;88500;Mary;2;1;1;7;07/02/2017;9;27500;247500;Medan
Dove;Personal Care;106000;Amanda;5;0;1;5;09/02/2022;1;23000;23000;Medan
Cornetto;Ice Cream;166500;Kyle;2;1;1;6;30/10/2020;3;40000;120000;Medan
Close Up;Personal Care;54000;Amanda;4;0;0;5;12/05/2017;7;56500;395500;Medan
St.Ives;Personal Care;168500;Sherri;2;0;0;6;28/01/2018;7;33000;231000;Medan
Sunsilk;Beauty & Wellbeing;152000;Jennifer;5;1;1;8;29/08/2021;10;23000;230000;Medan
Citra;Beauty & Wellbeing;132500;Andre;4;1;0;8;17/12/2017;2;40000;80000;Medan
Vaseline Men;Beauty & Wellbeing;88000;Thomas;1;0;1;10;20/06/2018;3;43500;130500;Medan
TRESemme;Beauty & Wellbeing;109000;Lori;5;1;1;7;04/12/2018;6;22500;135000;Medan
St.Ives;Personal Care;148000;Larry;4;0;1;10;03/05/2019;9;59500;535500;Medan
LUX;Personal Care;146500;Stephanie;1;0;1;6;16/04/2022;10;55500;555000;Medan
Knorr;Nutrition;198500;Patrick;5;1;1;8;09/06/2020;5;49000;245000;Medan
Feast;Ice Cream;85500;Lauren;2;1;1;10;16/12/2019;6;32500;195000;Medan
Pond's;Beauty & Wellbeing;127500;Jennifer;1;1;0;8;07/08/2018;1;57000;57000;Medan
St.Ives;Personal Care;189000;Jesus;1;1;1;7;02/09/2021;5;46500;232500;Medan
The Vegetarian Butcher;Nutrition;57000;Kenneth;2;1;0;9;22/06/2022;7;59000;413000;Medan
Dove;Personal Care;57000;Jennifer;5;0;1;6;12/11/2022;1;39500;39500;Medan
Love Beauty & Planet;Beauty & Wellbeing;83000;Travis;5;1;1;6;13/12/2021;1;48500;48500;Medan
Molto;Home Care;136000;David;5;0;0;6;20/10/2017;5;43000;215000;Medan
SariWangi;Nutrition;92000;Steven;5;0;0;8;21/10/2020;10;22000;220000;Medan
Wipol;Home Care;128000;Gary;4;0;0;7;08/07/2017;4;41000;164000;Medan
Pepsodent;Beauty & Wellbeing;102000;Jason;5;1;0;6;14/06/2018;7;32000;224000;Medan
Wipol;Home Care;123500;Amy;2;0;1;10;12/03/2022;1;35000;35000;Medan
Unilever Proffesional;Beauty & Wellbeing;140000;Brian;2;1;0;10;07/03/2017;1;59000;59000;Medan
Lifebuoy;Personal Care;103500;Deborah;1;0;1;5;03/11/2018;1;39000;39000;Medan
Wipol;Home Care;85000;Ian;2;1;0;7;22/05/2021;10;54500;545000;Medan
Simple;Beauty & Wellbeing;133500;Tammy;3;1;1;5;16/04/2018;3;50500;151500;Medan
Dove;Beauty & Wellbeing;115500;Catherine;5;0;1;5;05/12/2021;8;20000;160000;Medan
Glow & Lovely;Beauty & Wellbeing;176500;Gregory;4;1;1;7;13/03/2022;1;30500;30500;Medan
Paddle Pop;Ice Cream;164500;Ana;1;0;0;7;07/09/2021;5;20000;100000;Medan
Cornetto;Ice Cream;91000;Veronica;5;1;0;6;23/07/2018;10;22000;220000;Medan
Citra;Beauty & Wellbeing;126500;Brian;5;0;0;5;19/02/2021;10;59000;590000;Medan
Vixal;Home Care;111000;Sarah;1;0;0;10;14/09/2017;6;52000;312000;Medan
Pond's;Beauty & Wellbeing;67000;Richard;2;1;1;6;07/07/2020;10;52500;525000;Medan
Paddle Pop;Ice Cream;150500;Robert;1;1;0;10;29/04/2018;2;26500;53000;Medan
Pepsodent;Beauty & Wellbeing;84500;Taylor;3;1;1;6;26/09/2021;8;24500;196000;Medan
Pepsodent;Beauty & Wellbeing;103500;Ralph;4;1;0;6;22/12/2017;3;33500;100500;Medan
Royco;Nutrition;103000;Brittany;5;1;1;9;11/04/2017;2;57000;114000;Medan
Wall's;Ice Cream;176000;Jeremy;1;0;1;10;27/09/2018;3;25000;75000;Medan
Love Beauty & Planet;Beauty & Wellbeing;71000;Mark;1;1;0;6;01/06/2022;2;52500;105000;Medan
Molto;Home Care;117500;Mark;2;0;0;5;04/10/2018;6;46000;276000;Medan
Vixal;Home Care;187000;Ashley;2;0;1;7;23/12/2017;6;51500;309000;Medan
Pond's;Beauty & Wellbeing;163500;Barbara;2;1;1;8;17/05/2021;4;52000;208000;Medan
Royco;Nutrition;74500;Kenneth;1;0;0;9;17/06/2017;3;21000;63000;Medan
Glow & Lovely;Beauty & Wellbeing;69500;Deborah;5;1;0;5;23/02/2019;2;44000;88000;Medan
Pond's Men;Beauty & Wellbeing;58000;Robert;4;0;0;5;26/10/2017;7;57000;399000;Medan
Cif;Home Care;81000;Kyle;5;1;0;6;16/01/2020;1;20500;20500;Medan
Dove;Personal Care;171500;Haley;2;1;0;10;11/10/2019;8;26000;208000;Medan
Cornetto;Ice Cream;193500;Hannah;3;1;0;8;17/08/2017;3;28000;84000;Medan
Dove;Beauty & Wellbeing;113000;Christopher;2;1;0;8;12/01/2017;7;57000;399000;Medan
Knorr;Nutrition;74000;Rose;5;1;1;10;19/06/2018;1;33500;33500;Medan
TRESemme;Beauty & Wellbeing;181000;Jason;2;0;1;5;22/12/2020;10;26500;265000;Medan
Lifebuoy;Personal Care;196500;Amber;3;1;1;10;08/06/2020;2;26500;53000;Medan
Sunlight;Home Care;80500;Justin;5;0;1;5;13/04/2022;10;43000;430000;Medan
TRESemme;Beauty & Wellbeing;140000;Thomas;4;0;0;10;23/06/2020;10;28000;280000;Medan
Seru;Ice Cream;141500;Teresa;2;1;1;7;28/08/2021;10;50000;500000;Medan
Clear;Beauty & Wellbeing;82000;David;4;1;1;6;31/05/2017;10;55500;555000;Medan
Dove;Personal Care;145000;Mary;5;1;0;8;10/10/2017;10;59500;595000;Medan
Clear Men;Beauty & Wellbeing;59000;Sandra;3;1;0;7;09/09/2022;2;60000;120000;Medan
Pond's;Beauty & Wellbeing;102500;Brittany;5;1;0;6;08/01/2022;4;58500;234000;Medan
Vaseline Men;Beauty & Wellbeing;172500;Amy;2;0;0;7;13/02/2017;7;30000;210000;Medan
Magnum;Ice Cream;133500;Debbie;1;1;0;7;22/02/2019;2;36000;72000;Medan
Glow & Lovely;Beauty & Wellbeing;60500;Bobby;5;0;0;5;29/07/2017;3;40500;121500;Medan
Hellmann's;Nutrition;111000;Scott;5;1;1;6;20/08/2019;4;40500;162000;Medan
Rinso;Home Care;126000;Heather;5;0;1;7;18/11/2021;8;23500;188000;Medan
Hellmann's;Nutrition;196500;Elizabeth;2;0;1;8;11/12/2017;2;32000;64000;Medan
Citra;Beauty & Wellbeing;123500;Charlotte;5;0;1;9;06/06/2019;8;50500;404000;Medan
Viennetta;Ice Cream;103500;Robert;3;1;1;7;17/05/2017;6;47500;285000;Medan
Wipol;Home Care;101500;Jeffrey;5;1;1;8;27/08/2022;9;29500;265500;Medan
Cif;Home Care;98500;Shane;3;0;0;7;01/11/2018;3;53500;160500;Medan
Sunsilk;Beauty & Wellbeing;144000;Brandon;4;0;1;5;21/12/2022;8;44500;356000;Medan
Magnum;Ice Cream;192500;Alexander;3;0;1;5;28/09/2020;8;35000;280000;Medan
Bango;Nutrition;170500;Jane;1;0;0;7;12/06/2021;1;49000;49000;Medan
Unilever Proffesional;Beauty & Wellbeing;98500;Connie;1;0;1;7;19/02/2018;6;45500;273000;Medan
LUX;Personal Care;114000;Erik;4;0;0;8;09/03/2022;2;40000;80000;Medan
Clear Men;Beauty & Wellbeing;193000;Brooke;4;1;1;9;27/06/2022;8;28000;224000;Medan
Populaire;Ice Cream;164500;Lisa;1;0;1;6;24/07/2021;10;46500;465000;Medan
TRESemme;Beauty & Wellbeing;66000;Theresa;2;0;1;10;02/09/2021;4;21000;84000;Medan
Unilever Proffesional;Beauty & Wellbeing;90000;Barry;3;1;0;9;07/05/2020;1;43500;43500;Medan
Feast;Ice Cream;133000;James;5;1;1;5;12/02/2022;3;45500;136500;Medan
Rexona;Personal Care;133500;Tanner;1;1;0;7;01/01/2019;6;36500;219000;Medan
Jawara;Nutrition;80000;Kimberly;1;0;0;10;28/05/2020;5;59500;297500;Medan
Lifebuoy;Personal Care;65500;Miranda;2;1;1;10;25/10/2019;3;28000;84000;Medan
Hellmann's;Nutrition;155000;Jennifer;3;0;1;5;25/01/2017;1;32000;32000;Medan
LUX;Personal Care;160000;Jennifer;5;1;0;10;27/12/2018;4;44000;176000;Medan
Sunsilk;Beauty & Wellbeing;83500;Randy;4;0;1;5;13/10/2017;7;58500;409500;Medan
SariWangi;Nutrition;115000;Angela;4;0;1;8;26/01/2019;5;37500;187500;Medan
Paddle Pop;Ice Cream;149000;Jimmy;5;1;1;10;01/12/2017;3;27000;81000;Medan
TRESemme;Beauty & Wellbeing;99000;Barbara;1;0;0;6;15/06/2018;3;36500;109500;Medan
Close Up;Personal Care;164000;April;1;0;0;10;01/12/2021;2;20500;41000;Medan
Sunsilk;Beauty & Wellbeing;94000;Christina;2;0;0;8;23/07/2018;3;39000;117000;Medan
Sunsilk;Beauty & Wellbeing;181000;Chelsea;1;0;1;10;24/01/2018;9;58000;522000;Medan
Zwitsal;Beauty & Wellbeing;74000;Jerome;5;0;1;8;10/09/2021;6;53500;321000;Medan
Vixal;Home Care;71500;Kyle;3;0;1;6;24/08/2021;4;51000;204000;Medan
Populaire;Ice Cream;54000;Rhonda;5;0;0;7;26/10/2019;5;26500;132500;Medan
Axe;Personal Care;144500;Patrick;4;1;1;7;21/03/2020;4;43500;174000;Medan
Sunlight;Home Care;113500;Kelly;3;1;0;7;02/04/2022;6;32500;195000;Medan
Royco;Nutrition;78500;Melissa;4;0;1;7;07/01/2020;7;46500;325500;Medan
TRESemme;Beauty & Wellbeing;187500;Michelle;5;1;1;9;28/02/2022;10;48500;485000;Medan
Clear;Beauty & Wellbeing;121500;Erica;2;1;1;10;29/10/2017;7;53500;374500;Medan
Royco;Nutrition;147000;Heather;1;1;0;7;21/07/2020;1;34500;34500;Medan
Vixal;Home Care;173500;Meagan;1;1;1;6;26/07/2018;6;33500;201000;Medan
Cif;Home Care;62000;Joshua;3;0;0;8;08/03/2018;1;32000;32000;Medan
Molto;Home Care;163000;Valerie;3;1;1;6;26/04/2021;5;29000;145000;Medan
LUX;Personal Care;94500;Debra;2;1;0;6;23/08/2019;10;41500;415000;Medan
Pond's Men;Beauty & Wellbeing;197500;Sara;5;1;1;10;18/03/2020;1;31000;31000;Medan
Knorr;Nutrition;98500;Corey;1;1;0;8;25/12/2020;4;45500;182000;Medan
Citra;Beauty & Wellbeing;159000;Gordon;4;0;1;6;28/06/2022;6;53500;321000;Medan
Wall's;Ice Cream;120500;William;5;1;0;10;26/10/2018;9;36500;328500;Medan
Citra;Beauty & Wellbeing;171500;Heather;1;0;0;6;29/08/2022;3;58500;175500;Medan
Jawara;Nutrition;89500;Lucas;4;1;0;7;10/02/2019;1;47500;47500;Medan
Zwitsal;Beauty & Wellbeing;105500;Mark;2;0;1;9;09/09/2019;5;38500;192500;Medan
Jawara;Nutrition;86000;Anthony;3;1;0;8;20/05/2018;10;38000;380000;Medan
Rinso;Home Care;187500;Andrew;5;1;1;6;28/06/2017;10;35500;355000;Medan
Vixal;Home Care;200000;Aaron;1;1;0;5;12/10/2022;4;43500;174000;Medan
Feast;Ice Cream;125500;Patrick;1;0;0;7;08/08/2017;2;52500;105000;Medan
Pond's Men;Beauty & Wellbeing;166500;Monique;5;0;0;7;23/03/2022;2;44500;89000;Medan
Close Up;Personal Care;120000;Courtney;3;0;0;5;10/12/2017;3;22500;67500;Medan
Rexona;Personal Care;101500;Kimberly;4;0;1;9;17/08/2019;6;52500;315000;Medan
Sunlight;Home Care;61000;Jacob;3;0;1;9;04/11/2020;10;51000;510000;Medan
Wipol;Home Care;58000;Craig;3;1;0;7;24/08/2022;1;46500;46500;Medan
Pond's;Beauty & Wellbeing;143500;Tyler;5;1;0;6;31/12/2017;10;58500;585000;Medan
SariWangi;Nutrition;149000;Eric;4;1;1;7;31/07/2019;8;26500;212000;Medan
Wall's;Ice Cream;96500;Annette;1;0;0;6;20/05/2019;3;34000;102000;Medan
Clear;Beauty & Wellbeing;114500;Tanner;4;1;1;7;30/11/2017;8;32500;260000;Medan
Pepsodent;Beauty & Wellbeing;118000;Denise;1;1;1;8;26/10/2019;3;55500;166500;Medan
Love Beauty & Planet;Beauty & Wellbeing;116500;Brittney;3;0;1;7;11/01/2018;8;41000;328000;Medan
The Vegetarian Butcher;Nutrition;71000;Brandon;1;0;1;6;06/11/2018;8;34500;276000;Medan
Bango;Nutrition;94000;Wendy;3;0;0;5;26/05/2020;1;57000;57000;Medan
Rinso;Home Care;187000;Angelica;3;1;1;8;23/11/2018;7;49500;346500;Medan
Cornetto;Ice Cream;114500;Michelle;1;0;1;8;12/04/2021;4;43500;174000;Medan
Dove;Beauty & Wellbeing;81000;Dennis;2;0;0;10;04/10/2020;5;37000;185000;Medan
Wall's;Ice Cream;113500;Eric;1;1;1;9;18/05/2020;1;30500;30500;Medan
Wipol;Home Care;60500;Eric;5;0;0;8;25/05/2022;10;35000;350000;Medan
Zwitsal;Beauty & Wellbeing;94000;Tina;1;0;0;10;27/03/2022;1;39500;39500;Medan
Clear Men;Beauty & Wellbeing;175000;Mark;1;0;1;7;04/02/2022;8;39500;316000;Medan
Paddle Pop;Ice Cream;132000;Tiffany;3;0;0;10;05/01/2018;7;45000;315000;Medan
Vixal;Home Care;57000;Shannon;1;0;0;5;08/11/2018;10;36000;360000;Medan
Sunlight;Home Care;197500;Stephen;1;0;0;10;12/08/2022;7;51500;360500;Medan
Hellmann's;Nutrition;97000;Kara;5;1;0;9;26/04/2019;10;52500;525000;Medan
TRESemme;Beauty & Wellbeing;159500;Anthony;1;1;1;6;25/03/2021;6;51000;306000;Medan
Seru;Ice Cream;80500;Kenneth;2;0;0;6;25/03/2017;3;48500;145500;Medan
Molto;Home Care;123000;Tiffany;3;0;1;9;16/01/2022;2;45500;91000;Medan
Dove;Beauty & Wellbeing;165500;Jonathan;2;1;1;10;29/06/2022;5;20000;100000;Medan
Vaseline Men;Beauty & Wellbeing;66500;Jason;2;1;0;10;24/05/2020;7;31500;220500;Medan
Buavita;Nutrition;181500;Justin;3;0;1;8;28/01/2021;2;46500;93000;Medan
Pepsodent;Beauty & Wellbeing;101000;Jennifer;2;1;1;6;29/04/2017;4;42500;170000;Medan
Dove;Personal Care;58500;Joyce;4;1;1;9;12/10/2022;5;47000;235000;Medan
Unilever Proffesional;Beauty & Wellbeing;119500;Chelsea;1;0;0;5;01/09/2018;6;45000;270000;Medan
Bango;Nutrition;114500;David;4;0;0;6;04/05/2020;2;25000;50000;Medan
Rinso;Home Care;79500;Michael;5;1;0;6;31/10/2017;7;28500;199500;Medan
Buavita;Nutrition;80000;Stephanie;1;0;0;8;29/06/2022;4;55500;222000;Medan
Buavita;Nutrition;187500;Sarah;4;0;0;7;06/12/2018;7;43500;304500;Medan
Simple;Beauty & Wellbeing;154500;Kristin;3;1;1;6;18/10/2022;3;59000;177000;Medan
Sunlight;Home Care;120500;Tara;4;0;1;9;27/02/2019;1;47000;47000;Medan
Citra;Beauty & Wellbeing;169500;James;2;1;0;9;08/06/2019;7;59000;413000;Medan
Pond's;Beauty & Wellbeing;77000;William;1;0;0;5;12/08/2022;4;41000;164000;Medan
Dove;Beauty & Wellbeing;181500;Hector;3;1;1;9;25/02/2020;7;27000;189000;Medan
Buavita;Nutrition;97500;Kimberly;4;0;1;5;24/06/2019;9;21500;193500;Medan
Close Up;Personal Care;144500;James;3;0;0;5;22/05/2022;3;58000;174000;Medan
Pond's Men;Beauty & Wellbeing;187500;Shawn;5;1;1;9;21/01/2018;5;48000;240000;Medan
Dove;Beauty & Wellbeing;144000;Samuel;4;0;1;10;16/04/2020;7;34000;238000;Medan
Cif;Home Care;146000;Michael;5;0;1;7;27/09/2020;2;32000;64000;Medan
Glow & Lovely;Beauty & Wellbeing;51500;Michael;3;1;1;7;13/03/2022;10;39500;395000;Medan
Pepsodent;Beauty & Wellbeing;96500;Michael;5;1;1;5;02/07/2021;8;46000;368000;Medan
Molto;Home Care;141000;Trevor;4;0;0;9;21/12/2020;4;51500;206000;Medan
Buavita;Nutrition;107500;Keith;3;1;0;9;02/10/2021;7;46500;325500;Medan
SariWangi;Nutrition;121500;Cynthia;3;1;1;5;13/10/2019;5;50500;252500;Medan
Citra;Beauty & Wellbeing;95000;Stephanie;3;1;0;7;23/09/2021;2;44000;88000;Medan
Seru;Ice Cream;83000;Maria;5;0;0;6;22/01/2021;6;27500;165000;Medan
Glow & Lovely;Beauty & Wellbeing;162500;Damon;1;1;0;8;14/02/2019;9;47000;423000;Medan
Magnum;Ice Cream;144500;Rachel;2;0;1;9;12/03/2017;6;42500;255000;Medan
Simple;Beauty & Wellbeing;151500;Justin;5;0;0;7;03/11/2017;3;45000;135000;Medan
Magnum;Ice Cream;130500;Susan;4;1;1;8;02/11/2022;5;42000;210000;Medan
Citra;Beauty & Wellbeing;159500;David;1;0;0;7;26/11/2022;3;37000;111000;Medan
Pond's Men;Beauty & Wellbeing;194500;Justin;5;0;1;8;28/08/2022;4;38500;154000;Medan
Clear;Beauty & Wellbeing;117500;Tiffany;5;1;0;6;31/03/2019;6;30500;183000;Medan
Magnum;Ice Cream;130500;Darrell;2;1;1;5;20/08/2019;1;42000;42000;Medan
The Vegetarian Butcher;Nutrition;197500;Gavin;3;0;0;5;07/06/2022;3;36000;108000;Medan
Zwitsal;Beauty & Wellbeing;80500;Melissa;4;0;0;10;22/05/2021;8;21500;172000;Medan
Feast;Ice Cream;89000;Christopher;3;0;1;8;11/09/2021;1;22000;22000;Medan
Citra;Beauty & Wellbeing;75000;Kelly;3;0;0;7;19/10/2022;10;56500;565000;Medan
Wipol;Home Care;130500;Michael;4;0;1;9;22/11/2017;4;25000;100000;Medan
Molto;Home Care;130500;Douglas;1;0;1;8;29/04/2018;5;40500;202500;Medan
Close Up;Personal Care;186000;Daniel;1;0;1;5;03/11/2018;1;53500;53500;Medan
Royco;Nutrition;101500;Cheryl;5;1;0;7;02/04/2020;7;33000;231000;Medan
Glow & Lovely;Beauty & Wellbeing;89500;Sara;1;0;1;10;24/07/2017;9;22500;202500;Medan
Pond's;Beauty & Wellbeing;60500;Benjamin;5;0;1;9;30/04/2020;1;48000;48000;Medan
Cornetto;Ice Cream;111000;Stephanie;5;1;0;7;14/01/2020;3;50000;150000;Medan
Rinso;Home Care;102000;Raymond;4;0;1;9;09/04/2017;10;34000;340000;Medan
Rinso;Home Care;154500;Ryan;4;0;1;6;17/01/2018;5;27500;137500;Medan
Simple;Beauty & Wellbeing;191000;Anna;1;1;1;6;13/12/2019;1;38500;38500;Medan
Magnum;Ice Cream;136000;Leslie;2;1;0;8;04/02/2022;6;30000;180000;Medan
Seru;Ice Cream;128000;Juan;3;0;0;10;11/11/2022;1;56000;56000;Medan
Buavita;Nutrition;99000;John;4;1;0;6;22/08/2018;7;20500;143500;Medan
Simple;Beauty & Wellbeing;98000;Linda;5;0;0;5;27/01/2021;7;44500;311500;Medan
Royco;Nutrition;90500;Corey;5;0;1;8;07/06/2019;7;46500;325500;Medan
Bango;Nutrition;98500;Jessica;1;0;0;6;22/03/2018;2;59000;118000;Medan
Axe;Personal Care;183500;Stephanie;3;1;0;9;26/09/2017;2;60000;120000;Medan
Rinso;Home Care;155500;Zachary;2;0;1;7;02/06/2017;10;20500;205000;Medan
Knorr;Nutrition;149500;Stephanie;5;0;0;6;08/09/2018;3;23000;69000;Medan
Lipton;Nutrition;161000;Ernest;2;1;1;7;03/06/2022;2;27500;55000;Medan
Rexona;Personal Care;79000;Kathleen;1;1;0;9;21/10/2017;10;36000;360000;Padang
The Vegetarian Butcher;Nutrition;182000;Laura;5;0;0;6;20/12/2021;3;27500;82500;Padang
Unilever Proffesional;Beauty & Wellbeing;108500;Makayla;4;0;1;7;22/09/2021;5;25000;125000;Padang
TRESemme;Beauty & Wellbeing;164500;Brian;1;0;0;6;11/01/2019;5;34000;170000;Padang
Knorr;Nutrition;181000;Rhonda;1;0;1;10;21/01/2022;9;39500;355500;Padang
Clear;Beauty & Wellbeing;82000;Amanda;4;0;1;6;14/11/2021;7;49000;343000;Padang
TRESemme;Beauty & Wellbeing;70000;Carlos;3;0;0;6;15/06/2021;9;50000;450000;Padang
Cif;Home Care;101500;Lisa;5;0;0;5;12/02/2019;6;54500;327000;Padang
Unilever Proffesional;Beauty & Wellbeing;141000;Danny;1;0;1;7;05/09/2021;6;52500;315000;Padang
Buavita;Nutrition;91500;Terry;5;1;0;7;24/12/2022;1;50000;50000;Padang
Rinso;Home Care;165500;Samantha;5;0;1;5;17/05/2021;7;28000;196000;Padang
Royco;Nutrition;98000;Daniel;1;1;0;5;23/12/2017;8;40000;320000;Padang
Buavita;Nutrition;194500;Joseph;2;0;0;9;07/04/2021;3;36500;109500;Padang
Sunsilk;Beauty & Wellbeing;103500;Jose;3;0;1;9;01/11/2019;2;29500;59000;Padang
Seru;Ice Cream;164500;Barbara;1;0;0;9;05/09/2020;6;52000;312000;Padang
Sunsilk;Beauty & Wellbeing;165000;Sandra;2;1;1;5;30/08/2019;1;47000;47000;Padang
Hellmann's;Nutrition;141500;Jesus;3;0;0;6;31/01/2020;2;47500;95000;Padang
Hellmann's;Nutrition;137500;Sheryl;5;1;0;5;15/01/2017;9;29000;261000;Padang
Hellmann's;Nutrition;199000;Natasha;2;0;0;10;25/07/2021;4;27500;110000;Padang
Wall's;Ice Cream;97500;Sergio;4;1;0;8;21/02/2019;2;49500;99000;Padang
Viennetta;Ice Cream;171000;Lucas;4;1;0;9;01/08/2019;8;33500;268000;Padang
Royco;Nutrition;153000;Tina;4;0;1;5;18/07/2018;8;58500;468000;Padang
Seru;Ice Cream;93500;Kimberly;4;0;1;5;25/01/2022;9;44000;396000;Padang
Lipton;Nutrition;87500;Jasmine;3;0;0;10;29/05/2021;3;56000;168000;Padang
Royco;Nutrition;85000;Adam;1;1;1;8;05/02/2017;5;21000;105000;Padang
Sunlight;Home Care;191000;Anthony;5;0;1;5;11/09/2020;6;39500;237000;Padang
Lipton;Nutrition;155000;Lauren;2;1;1;9;22/02/2020;1;30000;30000;Padang
Paddle Pop;Ice Cream;103000;Daryl;5;1;1;8;18/02/2020;10;29500;295000;Padang
Axe;Personal Care;134000;Robin;3;1;1;10;16/08/2022;2;47000;94000;Padang
Love Beauty & Planet;Beauty & Wellbeing;198000;Angela;2;0;0;5;08/11/2020;9;45000;405000;Padang
The Vegetarian Butcher;Nutrition;54500;Tyler;5;0;0;7;29/04/2020;9;26500;238500;Padang
Molto;Home Care;169500;Hector;5;0;0;8;09/05/2017;1;57500;57500;Padang
Clear;Beauty & Wellbeing;122500;Jeanne;2;1;0;8;18/01/2018;7;21500;150500;Padang
Wall's;Ice Cream;132500;Jesse;4;0;0;10;14/05/2017;9;27500;247500;Padang
The Vegetarian Butcher;Nutrition;189500;Jacqueline;1;1;1;6;01/04/2019;5;29000;145000;Padang
Cif;Home Care;174000;Anne;4;0;0;10;29/03/2019;10;53500;535000;Padang
Lipton;Nutrition;178500;Tony;4;0;1;6;03/02/2017;9;27500;247500;Padang
Dove;Personal Care;99500;Beth;5;0;0;5;03/03/2022;7;38500;269500;Padang
Unilever Proffesional;Beauty & Wellbeing;192500;Michael;2;1;1;8;23/06/2022;2;31000;62000;Padang
Jawara;Nutrition;191500;Teresa;4;0;0;8;05/06/2019;7;36000;252000;Padang
Superpell;Home Care;76000;George;5;1;0;7;12/05/2022;7;52500;367500;Padang
Pond's Men;Beauty & Wellbeing;186000;Steven;2;1;1;6;03/01/2017;3;21500;64500;Padang
Glow & Lovely;Beauty & Wellbeing;85500;Alexa;2;0;1;7;23/03/2022;9;39000;351000;Padang
Love Beauty & Planet;Beauty & Wellbeing;174500;Steven;3;1;0;6;11/04/2018;9;46000;414000;Padang
Lifebuoy;Personal Care;106500;John;3;1;0;7;18/11/2021;1;41000;41000;Padang
Lifebuoy;Personal Care;163500;Jason;5;1;0;9;22/08/2021;1;37000;37000;Padang
Clear;Beauty & Wellbeing;135000;Robin;3;1;1;9;06/01/2020;9;58500;526500;Padang
Axe;Personal Care;178500;James;1;0;1;7;08/05/2017;6;50000;300000;Padang
Lifebuoy;Personal Care;199000;Melissa;2;0;0;6;13/04/2022;3;52000;156000;Padang
LUX;Personal Care;82000;Patricia;3;1;0;6;25/12/2022;5;50500;252500;Padang
Citra;Beauty & Wellbeing;192000;Jamie;1;1;1;10;02/11/2017;8;36500;292000;Padang
Pond's;Beauty & Wellbeing;172500;Sean;3;1;0;9;15/12/2018;10;55500;555000;Padang
SariWangi;Nutrition;171500;Luke;3;0;0;5;12/07/2019;6;22000;132000;Padang
Molto;Home Care;145000;Joshua;3;1;0;10;06/03/2018;9;45500;409500;Padang
Lifebuoy;Personal Care;130000;Kerri;5;0;0;7;22/02/2021;4;58500;234000;Padang
Axe;Personal Care;175500;Lisa;1;0;1;8;22/12/2018;4;23000;92000;Padang
Clear Men;Beauty & Wellbeing;168000;Carl;2;0;1;5;15/01/2021;9;38500;346500;Padang
Vaseline Men;Beauty & Wellbeing;78500;Scott;3;1;1;7;06/06/2017;3;56500;169500;Padang
Simple;Beauty & Wellbeing;146500;Amanda;4;1;1;6;07/04/2020;2;43500;87000;Padang
Wipol;Home Care;163000;Jennifer;2;0;1;5;09/05/2021;10;39500;395000;Padang
Superpell;Home Care;95000;Seth;3;1;0;6;07/11/2020;4;26500;106000;Padang
Rexona;Personal Care;197000;Samuel;4;1;1;7;08/05/2020;3;23000;69000;Padang
Dove;Beauty & Wellbeing;194500;Spencer;3;1;1;6;16/02/2020;3;37500;112500;Padang
Dove;Personal Care;175000;James;2;0;0;9;29/08/2019;1;55000;55000;Padang
Pond's Men;Beauty & Wellbeing;166000;Nicole;2;0;0;8;30/01/2022;10;55500;555000;Padang
Feast;Ice Cream;147000;Joseph;4;0;0;7;20/07/2022;4;48500;194000;Padang
Pond's;Beauty & Wellbeing;150500;Laura;2;1;1;7;22/04/2019;4;26000;104000;Padang
Molto;Home Care;134500;Craig;4;0;0;7;17/12/2022;8;39000;312000;Padang
Wall's;Ice Cream;140500;Richard;1;0;1;8;27/12/2021;4;22000;88000;Padang
Populaire;Ice Cream;116500;John;5;1;0;7;25/07/2021;8;49000;392000;Padang
Sunsilk;Beauty & Wellbeing;64500;Erin;2;0;1;8;05/03/2019;10;57500;575000;Padang
Citra;Beauty & Wellbeing;78000;Dawn;5;0;1;6;10/03/2019;7;54000;378000;Padang
Clear;Beauty & Wellbeing;111000;Justin;3;0;0;9;23/02/2018;5;28500;142500;Padang
SariWangi;Nutrition;175000;Kathryn;3;0;1;9;04/03/2019;10;28500;285000;Padang
Royco;Nutrition;74500;Maxwell;3;1;1;6;09/08/2020;9;49000;441000;Padang
Rexona;Personal Care;102500;Gordon;5;0;0;10;09/09/2022;6;47000;282000;Padang
Dove;Beauty & Wellbeing;61000;Edward;3;1;0;10;28/09/2022;7;28000;196000;Padang
Glow & Lovely;Beauty & Wellbeing;133000;Lawrence;2;0;1;9;13/08/2021;10;34500;345000;Padang
Jawara;Nutrition;99000;Nicole;1;1;0;5;07/11/2017;8;57000;456000;Padang
St.Ives;Personal Care;125500;Christina;1;1;1;7;09/09/2018;5;56000;280000;Padang
Glow & Lovely;Beauty & Wellbeing;102500;Micheal;4;0;0;8;03/02/2018;7;35000;245000;Padang
Lipton;Nutrition;105000;Diana;4;1;0;10;11/11/2022;7;42500;297500;Padang
Feast;Ice Cream;133000;Daniel;2;0;1;5;11/07/2019;7;42000;294000;Padang
Viennetta;Ice Cream;158000;Sarah;4;1;0;6;13/08/2020;10;53500;535000;Padang
Cif;Home Care;157000;Madison;2;1;1;6;26/06/2021;2;56000;112000;Padang
The Vegetarian Butcher;Nutrition;96000;Rose;5;1;1;9;04/06/2017;6;33500;201000;Padang
Clear;Beauty & Wellbeing;70500;Erin;1;1;0;10;15/02/2020;2;58000;116000;Padang
Lifebuoy;Personal Care;122500;Samuel;2;1;1;5;05/12/2018;1;53000;53000;Padang
Superpell;Home Care;184500;Larry;1;1;1;9;19/02/2017;1;42500;42500;Padang
Pepsodent;Beauty & Wellbeing;107000;Teresa;5;0;1;9;29/05/2018;10;54000;540000;Padang
Jawara;Nutrition;173500;Cheryl;3;1;0;9;23/10/2018;7;31000;217000;Padang
Sunsilk;Beauty & Wellbeing;137000;Brianna;5;0;0;10;08/07/2020;8;47000;376000;Padang
Pond's;Beauty & Wellbeing;152500;Ashley;1;1;0;6;10/11/2018;10;49500;495000;Padang
Viennetta;Ice Cream;67000;Michael;4;0;1;10;15/08/2019;8;47000;376000;Padang
Pond's Men;Beauty & Wellbeing;174500;Breanna;3;1;0;6;19/05/2018;8;45500;364000;Padang
Lipton;Nutrition;118500;James;2;1;1;10;19/01/2021;1;37000;37000;Padang
Vixal;Home Care;105500;Amanda;4;1;0;10;24/07/2017;1;28000;28000;Padang
Pond's Men;Beauty & Wellbeing;199000;Brandon;5;0;1;9;27/10/2017;5;47500;237500;Padang
Glow & Lovely;Beauty & Wellbeing;108000;Paula;3;0;0;9;18/04/2022;7;36000;252000;Padang
Cif;Home Care;101000;Maria;3;1;0;8;09/06/2022;5;42500;212500;Padang
Zwitsal;Beauty & Wellbeing;183000;Janet;1;1;0;6;03/12/2020;1;41000;41000;Padang
Superpell;Home Care;105500;Pamela;1;0;1;7;19/10/2021;1;47500;47500;Padang
Rinso;Home Care;171500;Amanda;2;0;1;9;30/11/2018;8;25500;204000;Padang
Royco;Nutrition;154000;Danielle;4;0;0;9;07/09/2021;4;52500;210000;Padang
Cornetto;Ice Cream;59000;Michael;2;1;1;8;24/11/2018;6;35000;210000;Padang
Paddle Pop;Ice Cream;171500;Rhonda;3;1;1;5;28/04/2018;8;24500;196000;Padang
Paddle Pop;Ice Cream;128000;Carl;4;0;0;10;27/12/2019;7;25500;178500;Padang
Wall's;Ice Cream;149000;Brenda;5;0;0;10;11/02/2017;5;38500;192500;Padang
Jawara;Nutrition;104500;Todd;5;1;1;8;26/10/2021;5;60000;300000;Padang
Viennetta;Ice Cream;106500;Curtis;3;1;0;10;31/10/2018;3;55500;166500;Padang
Jawara;Nutrition;65500;Nicole;5;0;1;8;15/05/2020;6;39500;237000;Padang
LUX;Personal Care;140500;Ruth;3;1;0;8;11/11/2021;3;36000;108000;Padang
Wipol;Home Care;107500;Melanie;5;1;1;6;02/09/2022;2;46500;93000;Padang
Sunsilk;Beauty & Wellbeing;190500;Martin;1;0;1;10;19/08/2018;5;32000;160000;Padang
Buavita;Nutrition;180500;Anna;1;0;0;5;16/06/2020;5;30500;152500;Padang
Seru;Ice Cream;98000;Brittany;5;1;1;7;01/11/2019;8;54000;432000;Padang
Simple;Beauty & Wellbeing;52500;Ana;1;0;1;5;25/10/2022;5;59000;295000;Padang
Lipton;Nutrition;138000;Lori;1;1;0;9;22/01/2017;6;23500;141000;Padang
Pond's Men;Beauty & Wellbeing;148500;Donald;3;1;0;6;02/05/2017;8;41000;328000;Padang
Cif;Home Care;193000;Michael;4;1;1;8;29/03/2020;7;43000;301000;Padang
Zwitsal;Beauty & Wellbeing;117000;Kathleen;3;1;1;5;27/06/2017;10;46500;465000;Padang
Clear;Beauty & Wellbeing;190000;Elizabeth;5;1;1;5;18/04/2020;3;40500;121500;Padang
Dove;Beauty & Wellbeing;182500;Deanna;3;1;1;10;06/01/2019;10;56500;565000;Padang
Feast;Ice Cream;57000;Sabrina;5;0;1;6;05/05/2020;9;45500;409500;Padang
TRESemme;Beauty & Wellbeing;165000;Luis;3;0;1;5;26/10/2022;10;24000;240000;Padang
Paddle Pop;Ice Cream;158000;Dominique;4;0;1;8;01/09/2020;6;53000;318000;Padang
Unilever Proffesional;Beauty & Wellbeing;164500;Jeremy;1;0;1;8;08/04/2019;3;43500;130500;Padang
Molto;Home Care;133500;Logan;4;1;1;5;31/12/2017;2;44500;89000;Padang
Clear;Beauty & Wellbeing;191000;Tina;2;1;0;6;16/04/2021;6;42000;252000;Padang
Populaire;Ice Cream;173500;Vanessa;2;1;0;5;13/08/2017;7;27500;192500;Padang
Vaseline Men;Beauty & Wellbeing;130500;Maria;2;0;0;5;09/09/2019;9;40000;360000;Padang
Magnum;Ice Cream;100000;Edward;2;0;0;10;30/04/2017;5;58000;290000;Padang
Zwitsal;Beauty & Wellbeing;100500;Donna;3;1;0;10;17/07/2017;4;43500;174000;Padang
Magnum;Ice Cream;199000;Daniel;2;0;1;6;18/07/2021;10;22500;225000;Padang
Vixal;Home Care;98500;Joseph;1;0;1;6;17/02/2022;4;37500;150000;Padang
Close Up;Personal Care;130500;Karen;4;1;0;8;26/09/2021;5;56000;280000;Padang
Buavita;Nutrition;150500;Dylan;3;0;1;5;13/12/2021;7;37000;259000;Padang
Pepsodent;Beauty & Wellbeing;166500;Kayla;5;0;1;5;16/11/2017;2;22500;45000;Padang
SariWangi;Nutrition;71500;Brenda;4;0;1;9;21/09/2017;3;30000;90000;Padang
Buavita;Nutrition;83500;James;4;0;0;10;25/07/2019;2;50500;101000;Padang
Citra;Beauty & Wellbeing;162000;Vincent;5;1;0;5;29/10/2019;10;57500;575000;Padang
Close Up;Personal Care;63500;Monica;2;1;0;6;23/06/2019;10;54000;540000;Padang
Close Up;Personal Care;136500;Karen;3;0;1;5;09/06/2018;8;42000;336000;Padang
Axe;Personal Care;86000;Andrew;2;1;1;6;22/09/2021;10;59500;595000;Padang
Knorr;Nutrition;135000;Mary;4;0;0;10;21/03/2021;5;27000;135000;Padang
Pond's;Beauty & Wellbeing;131500;Linda;3;1;0;5;22/12/2018;1;36500;36500;Padang
Superpell;Home Care;88000;Barbara;2;1;1;10;31/01/2022;8;58500;468000;Padang
Royco;Nutrition;77000;Jennifer;2;1;0;5;15/12/2020;10;49500;495000;Padang
Dove;Personal Care;86500;Dean;1;0;0;5;09/01/2020;4;52500;210000;Padang
Bango;Nutrition;144500;Jasmine;3;1;1;5;09/07/2017;6;51500;309000;Padang
Hellmann's;Nutrition;172000;Jon;2;1;1;6;04/05/2021;2;22500;45000;Padang
Cornetto;Ice Cream;147000;Eric;2;1;1;6;28/08/2021;8;33000;264000;Padang
Vixal;Home Care;150500;Christina;2;0;0;5;01/12/2021;6;41500;249000;Padang
Pepsodent;Beauty & Wellbeing;174500;Valerie;4;1;1;9;20/01/2020;10;48500;485000;Padang
Viennetta;Ice Cream;58000;Tanya;1;1;0;5;27/08/2022;9;52500;472500;Padang
Axe;Personal Care;103000;Amanda;1;1;0;6;23/12/2020;4;28500;114000;Padang
Rinso;Home Care;112000;William;1;0;1;6;02/07/2020;8;55500;444000;Padang
Rexona;Personal Care;151000;Adam;2;0;1;8;29/01/2018;2;45500;91000;Padang
Vixal;Home Care;173500;Michael;3;1;0;9;06/11/2019;3;44500;133500;Padang
The Vegetarian Butcher;Nutrition;85000;Joseph;4;1;1;5;11/01/2021;3;25000;75000;Padang
Wall's;Ice Cream;164000;Donna;1;1;1;6;29/12/2017;1;54000;54000;Padang
Feast;Ice Cream;87500;Jamie;3;0;0;8;16/02/2020;9;58000;522000;Padang
Sunlight;Home Care;183000;Bobby;4;0;1;9;31/01/2018;9;32000;288000;Padang
Rexona;Personal Care;101500;Alyssa;2;1;0;9;01/05/2021;8;60000;480000;Padang
Pepsodent;Beauty & Wellbeing;93500;Jason;4;1;1;5;07/06/2022;6;55500;333000;Padang
Rexona;Personal Care;63000;Brianna;3;1;1;8;03/10/2021;10;34000;340000;Padang
Magnum;Ice Cream;188500;Cynthia;2;0;0;6;03/09/2020;4;22000;88000;Padang
Hellmann's;Nutrition;167000;Michelle;3;1;0;10;04/08/2022;10;43000;430000;Padang
Pepsodent;Beauty & Wellbeing;77000;Alison;1;0;0;5;25/12/2022;2;27000;54000;Padang
Paddle Pop;Ice Cream;50500;Ian;4;0;1;6;02/07/2018;1;48500;48500;Padang
Wall's;Ice Cream;169500;Mikayla;1;1;1;9;08/12/2018;7;30500;213500;Padang
The Vegetarian Butcher;Nutrition;71000;Paul;2;0;1;7;03/07/2017;9;34500;310500;Padang
Viennetta;Ice Cream;113000;Sydney;2;1;1;8;14/02/2020;1;36000;36000;Jakarta
Sunlight;Home Care;184500;John;2;0;0;8;01/01/2021;6;52000;312000;Jakarta
Rexona;Personal Care;139000;Caitlin;1;1;1;7;08/11/2022;7;24000;168000;Jakarta
Lifebuoy;Personal Care;160500;Andrew;3;0;1;9;08/07/2019;5;30000;150000;Jakarta
Rinso;Home Care;134000;Chelsea;1;0;0;5;22/05/2019;2;27000;54000;Jakarta
Zwitsal;Beauty & Wellbeing;104500;Kaylee;3;0;1;6;11/03/2017;3;40000;120000;Jakarta
Dove;Personal Care;199000;Crystal;1;0;1;8;03/04/2019;1;43000;43000;Jakarta
Wall's;Ice Cream;179000;Timothy;2;1;1;8;23/03/2017;4;22000;88000;Jakarta
LUX;Personal Care;92000;Gary;5;1;0;7;28/07/2020;8;43500;348000;Jakarta
The Vegetarian Butcher;Nutrition;183500;Candace;5;0;0;10;21/10/2017;7;45000;315000;Jakarta
Clear Men;Beauty & Wellbeing;185000;Clinton;2;0;1;9;07/11/2018;6;33500;201000;Jakarta
Zwitsal;Beauty & Wellbeing;87500;Diana;5;1;1;8;11/11/2022;10;27000;270000;Jakarta
Royco;Nutrition;180000;Catherine;2;0;0;7;29/11/2022;1;34500;34500;Jakarta
Seru;Ice Cream;101500;Gary;3;1;1;7;26/08/2017;6;43500;261000;Jakarta
Axe;Personal Care;101000;Grant;2;0;1;10;18/03/2022;8;51500;412000;Jakarta
Jawara;Nutrition;170500;Christopher;4;0;1;5;23/06/2018;10;56000;560000;Jakarta
Dove;Beauty & Wellbeing;141000;Kendra;1;0;1;6;28/03/2017;9;27500;247500;Jakarta
Unilever Proffesional;Beauty & Wellbeing;100000;William;2;0;0;8;19/05/2018;6;50000;300000;Jakarta
Superpell;Home Care;143000;Carla;5;1;1;9;25/12/2022;10;43000;430000;Jakarta
The Vegetarian Butcher;Nutrition;72500;Steven;5;0;1;9;27/05/2021;9;20500;184500;Jakarta
Molto;Home Care;65500;Jasmine;3;1;1;6;15/09/2022;6;47500;285000;Jakarta
Paddle Pop;Ice Cream;66000;Kelly;3;1;0;5;17/11/2019;10;58500;585000;Jakarta
LUX;Personal Care;164000;Jean;5;0;0;10;12/04/2019;1;49500;49500;Jakarta
Magnum;Ice Cream;191000;Heidi;3;1;0;5;04/11/2019;3;33500;100500;Jakarta
Rexona;Personal Care;155000;Tammy;4;0;1;10;28/06/2018;8;21500;172000;Jakarta
Hellmann's;Nutrition;133500;Carol;2;0;0;5;14/05/2021;3;28500;85500;Jakarta
SariWangi;Nutrition;100500;Samuel;3;1;1;7;10/03/2018;1;20000;20000;Jakarta
Cif;Home Care;195500;Sonia;2;1;1;5;21/09/2019;8;58000;464000;Jakarta
St.Ives;Personal Care;156500;Scott;3;0;0;6;03/02/2021;10;46500;465000;Jakarta
Bango;Nutrition;96000;Allen;5;1;1;8;13/12/2021;4;38000;152000;Jakarta
SariWangi;Nutrition;148000;William;4;1;1;5;05/04/2022;10;49000;490000;Jakarta
Populaire;Ice Cream;147000;Tammy;3;1;0;7;14/12/2017;2;51000;102000;Jakarta
Sunsilk;Beauty & Wellbeing;162000;Marie;1;1;1;8;10/10/2017;1;23500;23500;Jakarta
Pond's;Beauty & Wellbeing;198500;Anthony;4;1;0;10;14/06/2018;1;59000;59000;Jakarta
Pond's;Beauty & Wellbeing;134000;Jeffrey;1;0;0;8;20/05/2021;9;35500;319500;Jakarta
Vaseline Men;Beauty & Wellbeing;128000;Laura;3;1;1;9;02/11/2022;7;30000;210000;Jakarta
Close Up;Personal Care;169500;Johnny;4;0;0;9;28/06/2020;10;47000;470000;Jakarta
Magnum;Ice Cream;132500;Jonathan;1;1;1;5;28/08/2018;7;33500;234500;Jakarta
Sunlight;Home Care;88500;Phyllis;2;1;1;5;21/02/2019;4;44500;178000;Jakarta
Superpell;Home Care;105500;Caleb;3;0;1;6;29/08/2021;2;28500;57000;Jakarta
Wall's;Ice Cream;129000;Jason;4;1;0;6;04/10/2021;9;48000;432000;Jakarta
Rinso;Home Care;140000;Heather;2;1;0;6;13/10/2018;9;38500;346500;Jakarta
Vaseline Men;Beauty & Wellbeing;106500;Sydney;5;1;0;10;18/11/2019;9;46500;418500;Jakarta
Love Beauty & Planet;Beauty & Wellbeing;107500;Jorge;1;1;0;10;08/05/2022;5;28500;142500;Jakarta
Vaseline Men;Beauty & Wellbeing;73000;Timothy;5;0;0;7;22/11/2019;5;26500;132500;Jakarta
Molto;Home Care;172500;Eugene;5;0;0;7;27/10/2018;7;37000;259000;Jakarta
Hellmann's;Nutrition;198500;Gregory;1;0;1;7;20/08/2019;8;42000;336000;Jakarta
The Vegetarian Butcher;Nutrition;181000;Kimberly;2;1;0;6;27/05/2022;7;42000;294000;Jakarta
Populaire;Ice Cream;51000;Stephanie;5;0;0;9;21/06/2020;1;47500;47500;Jakarta
Populaire;Ice Cream;119000;Martha;2;0;1;10;17/08/2019;10;54000;540000;Jakarta
TRESemme;Beauty & Wellbeing;105000;Kristen;3;0;0;8;15/02/2021;4;36500;146000;Jakarta
The Vegetarian Butcher;Nutrition;88500;Deborah;3;1;0;8;18/08/2017;2;34000;68000;Jakarta
LUX;Personal Care;172500;Cynthia;1;0;1;9;03/03/2022;9;21500;193500;Jakarta
Axe;Personal Care;114500;Janice;4;0;0;9;05/10/2021;10;46500;465000;Jakarta
The Vegetarian Butcher;Nutrition;112500;Katherine;4;0;0;8;08/04/2022;8;29000;232000;Jakarta
Molto;Home Care;54000;Mario;2;1;1;8;03/10/2017;3;40000;120000;Jakarta
Clear;Beauty & Wellbeing;91500;Cassandra;2;1;1;7;04/10/2022;3;41000;123000;Jakarta
Vixal;Home Care;105000;Barbara;1;0;0;5;01/06/2021;9;55000;495000;Jakarta
Love Beauty & Planet;Beauty & Wellbeing;53000;Sherri;3;1;0;7;26/07/2022;4;55500;222000;Jakarta
Seru;Ice Cream;153500;Mary;2;1;0;7;17/11/2017;1;45500;45500;Jakarta
Pepsodent;Beauty & Wellbeing;124500;Dillon;2;1;1;7;03/09/2022;6;46000;276000;Jakarta
Magnum;Ice Cream;196500;Janice;3;0;0;6;20/11/2018;3;53500;160500;Jakarta
Close Up;Personal Care;181000;Deborah;4;0;0;6;22/05/2019;8;26500;212000;Jakarta
Cornetto;Ice Cream;103500;Justin;1;0;0;8;11/06/2017;1;47500;47500;Jakarta
Rexona;Personal Care;55500;Jonathan;4;0;0;7;18/01/2019;4;51500;206000;Jakarta
Seru;Ice Cream;86000;Matthew;2;0;0;5;06/10/2018;3;28000;84000;Jakarta
Feast;Ice Cream;108000;Crystal;1;1;0;6;18/08/2022;7;47000;329000;Jakarta
Viennetta;Ice Cream;150500;Lisa;3;1;1;8;21/06/2020;1;52500;52500;Jakarta
Superpell;Home Care;78500;Todd;5;1;1;10;18/07/2019;5;51500;257500;Jakarta
Cornetto;Ice Cream;199000;Brittany;1;0;0;5;09/03/2019;4;22000;88000;Jakarta
TRESemme;Beauty & Wellbeing;70500;Beth;5;0;0;9;12/09/2021;1;38000;38000;Jakarta
Simple;Beauty & Wellbeing;154500;Kevin;3;1;0;6;16/11/2021;7;28000;196000;Jakarta
TRESemme;Beauty & Wellbeing;52000;Audrey;3;1;0;9;08/10/2021;6;42000;252000;Jakarta
Wall's;Ice Cream;132500;Kayla;5;0;1;9;24/10/2020;10;59500;595000;Jakarta
Rexona;Personal Care;170000;Troy;4;0;1;9;22/10/2021;2;40000;80000;Jakarta
Sunsilk;Beauty & Wellbeing;113500;Jonathan;1;1;0;5;21/01/2017;4;53000;212000;Jakarta
Royco;Nutrition;106000;John;2;0;0;6;26/02/2022;4;46500;186000;Jakarta
Clear;Beauty & Wellbeing;199500;Stephen;4;0;0;10;18/01/2022;7;28500;199500;Jakarta
Sunsilk;Beauty & Wellbeing;83000;Carolyn;2;0;1;10;22/06/2021;2;28500;57000;Jakarta
Dove;Beauty & Wellbeing;56000;Crystal;3;1;1;5;03/02/2021;4;25500;102000;Jakarta
Dove;Beauty & Wellbeing;63000;Travis;2;1;1;9;24/03/2022;9;44500;400500;Jakarta
St.Ives;Personal Care;125500;Candice;5;1;0;5;31/05/2017;2;55500;111000;Jakarta
Paddle Pop;Ice Cream;189500;Maria;5;0;1;9;22/02/2020;9;54000;486000;Jakarta
Paddle Pop;Ice Cream;61000;Dean;3;0;0;8;08/02/2017;1;30500;30500;Jakarta
Citra;Beauty & Wellbeing;156500;Nicole;3;0;1;5;28/12/2021;9;40500;364500;Jakarta
Sunlight;Home Care;84000;Robert;5;0;0;10;27/03/2022;8;25000;200000;Jakarta
Close Up;Personal Care;92000;Ronald;1;1;1;7;25/05/2021;2;55000;110000;Jakarta
LUX;Personal Care;129500;Samantha;5;1;1;7;19/11/2022;2;22000;44000;Jakarta
Lipton;Nutrition;119500;Laura;1;0;1;5;24/05/2020;5;40500;202500;Jakarta
The Vegetarian Butcher;Nutrition;126500;Katherine;1;1;0;6;10/01/2019;7;41000;287000;Jakarta
Sunlight;Home Care;148500;Andrew;2;0;1;8;15/12/2022;4;33000;132000;Jakarta
Vaseline Men;Beauty & Wellbeing;82000;Jamie;3;1;0;7;01/07/2021;2;28000;56000;Jakarta
Wipol;Home Care;124000;Makayla;1;1;0;8;25/02/2018;5;54000;270000;Jakarta
Zwitsal;Beauty & Wellbeing;150500;Mary;5;0;1;8;19/05/2018;10;43000;430000;Jakarta
Wall's;Ice Cream;67500;Lance;3;1;1;10;26/04/2017;1;56500;56500;Jakarta
